/*
 Navicat Premium Data Transfer

 Source Server         : localhost
 Source Server Type    : MySQL
 Source Server Version : 80031 (8.0.31)
 Source Host           : localhost:3306
 Source Schema         : coderliu-workflow

 Target Server Type    : MySQL
 Target Server Version : 80031 (8.0.31)
 File Encoding         : 65001

 Date: 13/02/2023 08:30:57
*/

SET NAMES utf8mb4;
SET FOREIGN_KEY_CHECKS = 0;

-- ----------------------------
-- Table structure for act_evt_log
-- ----------------------------
DROP TABLE IF EXISTS `act_evt_log`;
CREATE TABLE `act_evt_log`  (
  `LOG_NR_` bigint NOT NULL AUTO_INCREMENT,
  `TYPE_` varchar(64) CHARACTER SET utf8mb4 COLLATE utf8mb4_bin NULL DEFAULT NULL,
  `PROC_DEF_ID_` varchar(64) CHARACTER SET utf8mb4 COLLATE utf8mb4_bin NULL DEFAULT NULL,
  `PROC_INST_ID_` varchar(64) CHARACTER SET utf8mb4 COLLATE utf8mb4_bin NULL DEFAULT NULL,
  `EXECUTION_ID_` varchar(64) CHARACTER SET utf8mb4 COLLATE utf8mb4_bin NULL DEFAULT NULL,
  `TASK_ID_` varchar(64) CHARACTER SET utf8mb4 COLLATE utf8mb4_bin NULL DEFAULT NULL,
  `TIME_STAMP_` timestamp(3) NOT NULL,
  `USER_ID_` varchar(255) CHARACTER SET utf8mb4 COLLATE utf8mb4_bin NULL DEFAULT NULL,
  `DATA_` longblob NULL,
  `LOCK_OWNER_` varchar(255) CHARACTER SET utf8mb4 COLLATE utf8mb4_bin NULL DEFAULT NULL,
  `LOCK_TIME_` timestamp(3) NULL DEFAULT NULL,
  `IS_PROCESSED_` tinyint NULL DEFAULT 0,
  PRIMARY KEY (`LOG_NR_`) USING BTREE
) ENGINE = InnoDB AUTO_INCREMENT = 1 CHARACTER SET = utf8mb4 COLLATE = utf8mb4_bin ROW_FORMAT = Dynamic;

-- ----------------------------
-- Records of act_evt_log
-- ----------------------------

-- ----------------------------
-- Table structure for act_ge_bytearray
-- ----------------------------
DROP TABLE IF EXISTS `act_ge_bytearray`;
CREATE TABLE `act_ge_bytearray`  (
  `ID_` varchar(64) CHARACTER SET utf8mb4 COLLATE utf8mb4_bin NOT NULL,
  `REV_` int NULL DEFAULT NULL,
  `NAME_` varchar(255) CHARACTER SET utf8mb4 COLLATE utf8mb4_bin NULL DEFAULT NULL,
  `DEPLOYMENT_ID_` varchar(64) CHARACTER SET utf8mb4 COLLATE utf8mb4_bin NULL DEFAULT NULL,
  `BYTES_` longblob NULL,
  `GENERATED_` tinyint NULL DEFAULT NULL,
  PRIMARY KEY (`ID_`) USING BTREE,
  INDEX `ACT_FK_BYTEARR_DEPL`(`DEPLOYMENT_ID_` ASC) USING BTREE,
  CONSTRAINT `ACT_FK_BYTEARR_DEPL` FOREIGN KEY (`DEPLOYMENT_ID_`) REFERENCES `act_re_deployment` (`ID_`) ON DELETE RESTRICT ON UPDATE RESTRICT
) ENGINE = InnoDB CHARACTER SET = utf8mb4 COLLATE = utf8mb4_bin ROW_FORMAT = Dynamic;

-- ----------------------------
-- Records of act_ge_bytearray
-- ----------------------------
INSERT INTO `act_ge_bytearray` VALUES ('6bbe9fc2-93b2-11ed-ac7d-005056c00008', 1, 'leave.bpmn20.xml', '6bbe9fc1-93b2-11ed-ac7d-005056c00008', 0x3C3F786D6C2076657273696F6E3D22312E302220656E636F64696E673D225554462D38223F3E0D0A3C646566696E6974696F6E7320786D6C6E733D22687474703A2F2F7777772E6F6D672E6F72672F737065632F42504D4E2F32303130303532342F4D4F44454C2220786D6C6E733A7873693D22687474703A2F2F7777772E77332E6F72672F323030312F584D4C536368656D612D696E7374616E63652220786D6C6E733A7873643D22687474703A2F2F7777772E77332E6F72672F323030312F584D4C536368656D612220786D6C6E733A61637469766974693D22687474703A2F2F61637469766974692E6F72672F62706D6E2220786D6C6E733A62706D6E64693D22687474703A2F2F7777772E6F6D672E6F72672F737065632F42504D4E2F32303130303532342F44492220786D6C6E733A6F6D6764633D22687474703A2F2F7777772E6F6D672E6F72672F737065632F44442F32303130303532342F44432220786D6C6E733A6F6D6764693D22687474703A2F2F7777772E6F6D672E6F72672F737065632F44442F32303130303532342F44492220747970654C616E67756167653D22687474703A2F2F7777772E77332E6F72672F323030312F584D4C536368656D61222065787072657373696F6E4C616E67756167653D22687474703A2F2F7777772E77332E6F72672F313939392F585061746822207461726765744E616D6573706163653D22687474703A2F2F7777772E61637469766974692E6F72672F70726F63657373646566223E0D0A20203C70726F636573732069643D226C6561766522206E616D653D226C656176652220697345786563757461626C653D2274727565223E0D0A202020203C73746172744576656E742069643D227369642D36373366656130392D363666372D346333652D383061392D38633461663634653635343422206E616D653D227374617274222F3E0D0A202020203C757365725461736B2069643D227369642D38376263363039382D623963642D343331662D383438392D62633264646231343965613222206E616D653D22E7BB8FE79086E5AEA1E689B9222061637469766974693A61737369676E65653D226A696E676C69222F3E0D0A202020203C73657175656E6365466C6F772069643D227369642D61633532313535632D393662342D346436342D383264622D3139343538363535386133612220736F757263655265663D227369642D36373366656130392D363666372D346333652D383061392D38633461663634653635343422207461726765745265663D227369642D38376263363039382D623963642D343331662D383438392D626332646462313439656132222F3E0D0A202020203C757365725461736B2069643D227369642D32313861626336302D373737352D343037612D616133352D62326464333465336563643122206E616D653D22E4BABAE4BA8BE7BB9FE8AEA1222061637469766974693A61737369676E65653D2272656E736869222F3E0D0A202020203C656E644576656E742069643D227369642D36383939616633362D323636362D346330342D383830632D33393430306461633232633822206E616D653D22E7BB93E69D9FE4BA8BE4BBB6222F3E0D0A202020203C73657175656E6365466C6F772069643D227369642D32306136623933372D643136612D343866302D613363332D6637306431373830383239302220736F757263655265663D227369642D32313861626336302D373737352D343037612D616133352D62326464333465336563643122207461726765745265663D227369642D36383939616633362D323636362D346330342D383830632D333934303064616332326338222F3E0D0A202020203C73657175656E6365466C6F772069643D227369642D32663161326131332D326538382D343037332D623161352D3239323761666366323936332220736F757263655265663D227369642D65333563363432312D393433632D346330302D613233662D66393536393133613730326422207461726765745265663D227369642D32313861626336302D373737352D343037612D616133352D62326464333465336563643122206E616D653D22E5908CE6848F223E0D0A2020202020203C636F6E646974696F6E45787072657373696F6E207873693A747970653D2274466F726D616C45787072657373696F6E223E247B666C6167203D3D20317D3C2F636F6E646974696F6E45787072657373696F6E3E0D0A202020203C2F73657175656E6365466C6F773E0D0A202020203C6578636C7573697665476174657761792069643D227369642D65333563363432312D393433632D346330302D613233662D663935363931336137303264222F3E0D0A202020203C757365725461736B2069643D227369642D33366136613135332D656533312D343738322D626665362D30623966303264373339616122206E616D653D22E88081E69DBFE5AEA1E689B9222F3E0D0A202020203C73657175656E6365466C6F772069643D227369642D35613538633561642D313562362D343463302D393835342D3664373561383664623137632220736F757263655265663D227369642D65333563363432312D393433632D346330302D613233662D66393536393133613730326422207461726765745265663D227369642D33366136613135332D656533312D343738322D626665362D30623966303264373339616122206E616D653D22E4B88DE5908CE6848F223E0D0A2020202020203C636F6E646974696F6E45787072657373696F6E207873693A747970653D2274466F726D616C45787072657373696F6E223E247B666C6167203D3D20307D3C2F636F6E646974696F6E45787072657373696F6E3E0D0A202020203C2F73657175656E6365466C6F773E0D0A202020203C73657175656E6365466C6F772069643D227369642D63353633373637662D366234632D343733392D613330342D3333643138663261343432342220736F757263655265663D227369642D33366136613135332D656533312D343738322D626665362D30623966303264373339616122207461726765745265663D227369642D36383939616633362D323636362D346330342D383830632D333934303064616332326338222F3E0D0A202020203C73657175656E6365466C6F772069643D227369642D39663030383230372D656430632D343033312D393134312D3932383932393666306231662220736F757263655265663D227369642D38376263363039382D623963642D343331662D383438392D62633264646231343965613222207461726765745265663D227369642D65333563363432312D393433632D346330302D613233662D663935363931336137303264222F3E0D0A20203C2F70726F636573733E0D0A20203C62706D6E64693A42504D4E4469616772616D2069643D2242504D4E4469616772616D5F74657374223E0D0A202020203C62706D6E64693A42504D4E506C616E652062706D6E456C656D656E743D226C65617665222069643D2242504D4E506C616E655F74657374223E0D0A2020202020203C62706D6E64693A42504D4E53686170652069643D2273686170652D61616638396631332D666565392D343165312D393963622D343565356334373430633938222062706D6E456C656D656E743D227369642D36373366656130392D363666372D346333652D383061392D386334616636346536353434223E0D0A20202020202020203C6F6D6764633A426F756E647320783D222D3132352E302220793D222D32302E30222077696474683D2233302E3022206865696768743D2233302E30222F3E0D0A2020202020203C2F62706D6E64693A42504D4E53686170653E0D0A2020202020203C62706D6E64693A42504D4E53686170652069643D2273686170652D30323130396166302D336163652D343566652D383933612D396334303866366663396166222062706D6E456C656D656E743D227369642D38376263363039382D623963642D343331662D383438392D626332646462313439656132223E0D0A20202020202020203C6F6D6764633A426F756E647320783D222D35302E302220793D222D32322E35222077696474683D2234302E3022206865696768743D2233352E30222F3E0D0A2020202020203C2F62706D6E64693A42504D4E53686170653E0D0A2020202020203C62706D6E64693A42504D4E456467652069643D22656467652D63333032356661662D663638622D343030302D623465622D663632346264303937623537222062706D6E456C656D656E743D227369642D61633532313535632D393662342D346436342D383264622D313934353836353538613361223E0D0A20202020202020203C6F6D6764693A776179706F696E7420783D222D39352E302220793D222D352E30222F3E0D0A20202020202020203C6F6D6764693A776179706F696E7420783D222D35302E302220793D222D352E30222F3E0D0A2020202020203C2F62706D6E64693A42504D4E456467653E0D0A2020202020203C62706D6E64693A42504D4E53686170652069643D2273686170652D62356535323263642D316534352D343564662D393136642D623966366130633062346637222062706D6E456C656D656E743D227369642D32313861626336302D373737352D343037612D616133352D623264643334653365636431223E0D0A20202020202020203C6F6D6764633A426F756E647320783D223132352E302220793D222D32302E30222077696474683D2236302E3022206865696768743D2233302E30222F3E0D0A2020202020203C2F62706D6E64693A42504D4E53686170653E0D0A2020202020203C62706D6E64693A42504D4E53686170652069643D2273686170652D33613464613832332D653433372D346131652D616433612D386538383562613466616231222062706D6E456C656D656E743D227369642D36383939616633362D323636362D346330342D383830632D333934303064616332326338223E0D0A20202020202020203C6F6D6764633A426F756E647320783D223234302E302220793D222D32302E30222077696474683D2233302E3022206865696768743D2233302E30222F3E0D0A2020202020203C2F62706D6E64693A42504D4E53686170653E0D0A2020202020203C62706D6E64693A42504D4E456467652069643D22656467652D35363762633031362D396663332D343161652D383866332D393063633166636432656235222062706D6E456C656D656E743D227369642D32306136623933372D643136612D343866302D613363332D663730643137383038323930223E0D0A20202020202020203C6F6D6764693A776179706F696E7420783D223138352E302220793D222D352E30222F3E0D0A20202020202020203C6F6D6764693A776179706F696E7420783D223234302E302220793D222D352E30222F3E0D0A2020202020203C2F62706D6E64693A42504D4E456467653E0D0A2020202020203C62706D6E64693A42504D4E456467652069643D22656467652D36653362653062392D336232352D343666352D393835322D643434316237333233333166222062706D6E456C656D656E743D227369642D32663161326131332D326538382D343037332D623161352D323932376166636632393633223E0D0A20202020202020203C6F6D6764693A776179706F696E7420783D2238302E302220793D222D352E30222F3E0D0A20202020202020203C6F6D6764693A776179706F696E7420783D223132352E302220793D222D352E30222F3E0D0A2020202020203C2F62706D6E64693A42504D4E456467653E0D0A2020202020203C62706D6E64693A42504D4E53686170652069643D2273686170652D66376162353661392D336361312D343062322D393831392D653364313536373764663038222062706D6E456C656D656E743D227369642D65333563363432312D393433632D346330302D613233662D663935363931336137303264223E0D0A20202020202020203C6F6D6764633A426F756E647320783D2234302E302220793D222D32352E30222077696474683D2234302E3022206865696768743D2234302E30222F3E0D0A2020202020203C2F62706D6E64693A42504D4E53686170653E0D0A2020202020203C62706D6E64693A42504D4E53686170652069643D2273686170652D36643138346633302D386334632D346565362D623534382D643761633737656136396132222062706D6E456C656D656E743D227369642D33366136613135332D656533312D343738322D626665362D306239663032643733396161223E0D0A20202020202020203C6F6D6764633A426F756E647320783D223131352E302220793D222D39302E30222077696474683D2237302E3022206865696768743D2234352E30222F3E0D0A2020202020203C2F62706D6E64693A42504D4E53686170653E0D0A2020202020203C62706D6E64693A42504D4E456467652069643D22656467652D30373366323664342D643534322D343665312D626234612D326437663939303561303135222062706D6E456C656D656E743D227369642D35613538633561642D313562362D343463302D393835342D366437356138366462313763223E0D0A20202020202020203C6F6D6764693A776179706F696E7420783D2236302E302220793D222D32352E30222F3E0D0A20202020202020203C6F6D6764693A776179706F696E7420783D223131352E302220793D222D35362E3235222F3E0D0A2020202020203C2F62706D6E64693A42504D4E456467653E0D0A2020202020203C62706D6E64693A42504D4E456467652069643D22656467652D38343763633931622D613833302D343135332D383165382D646530336137313264396566222062706D6E456C656D656E743D227369642D63353633373637662D366234632D343733392D613330342D333364313866326134343234223E0D0A20202020202020203C6F6D6764693A776179706F696E7420783D223138352E302220793D222D35362E3235222F3E0D0A20202020202020203C6F6D6764693A776179706F696E7420783D223234302E302220793D222D31322E35222F3E0D0A2020202020203C2F62706D6E64693A42504D4E456467653E0D0A2020202020203C62706D6E64693A42504D4E456467652069643D22656467652D31313536663332312D643563652D343062662D383630642D383932616161303635373633222062706D6E456C656D656E743D227369642D39663030383230372D656430632D343033312D393134312D393238393239366630623166223E0D0A20202020202020203C6F6D6764693A776179706F696E7420783D222D31302E302220793D222D352E30222F3E0D0A20202020202020203C6F6D6764693A776179706F696E7420783D2234302E302220793D222D352E30222F3E0D0A2020202020203C2F62706D6E64693A42504D4E456467653E0D0A202020203C2F62706D6E64693A42504D4E506C616E653E0D0A20203C2F62706D6E64693A42504D4E4469616772616D3E0D0A3C2F646566696E6974696F6E733E0D0A, 0);
INSERT INTO `act_ge_bytearray` VALUES ('b268d172-9541-11ed-9ad2-005056c00008', 1, 'leave.bpmn20.xml', 'b268d171-9541-11ed-9ad2-005056c00008', 0x3C3F786D6C2076657273696F6E3D22312E302220656E636F64696E673D225554462D38223F3E0D0A3C646566696E6974696F6E7320786D6C6E733D22687474703A2F2F7777772E6F6D672E6F72672F737065632F42504D4E2F32303130303532342F4D4F44454C2220786D6C6E733A7873693D22687474703A2F2F7777772E77332E6F72672F323030312F584D4C536368656D612D696E7374616E63652220786D6C6E733A7873643D22687474703A2F2F7777772E77332E6F72672F323030312F584D4C536368656D612220786D6C6E733A61637469766974693D22687474703A2F2F61637469766974692E6F72672F62706D6E2220786D6C6E733A62706D6E64693D22687474703A2F2F7777772E6F6D672E6F72672F737065632F42504D4E2F32303130303532342F44492220786D6C6E733A6F6D6764633D22687474703A2F2F7777772E6F6D672E6F72672F737065632F44442F32303130303532342F44432220786D6C6E733A6F6D6764693D22687474703A2F2F7777772E6F6D672E6F72672F737065632F44442F32303130303532342F44492220747970654C616E67756167653D22687474703A2F2F7777772E77332E6F72672F323030312F584D4C536368656D61222065787072657373696F6E4C616E67756167653D22687474703A2F2F7777772E77332E6F72672F313939392F585061746822207461726765744E616D6573706163653D22687474703A2F2F7777772E61637469766974692E6F72672F70726F63657373646566223E0D0A20203C70726F636573732069643D226C6561766522206E616D653D226C656176652220697345786563757461626C653D2274727565223E0D0A202020203C73746172744576656E742069643D227369642D36373366656130392D363666372D346333652D383061392D38633461663634653635343422206E616D653D227374617274222F3E0D0A202020203C757365725461736B2069643D227369642D38376263363039382D623963642D343331662D383438392D62633264646231343965613222206E616D653D22E7BB8FE79086E5AEA1E689B9222061637469766974693A61737369676E65653D226A696E676C69222F3E0D0A202020203C73657175656E6365466C6F772069643D227369642D61633532313535632D393662342D346436342D383264622D3139343538363535386133612220736F757263655265663D227369642D36373366656130392D363666372D346333652D383061392D38633461663634653635343422207461726765745265663D227369642D38376263363039382D623963642D343331662D383438392D626332646462313439656132222F3E0D0A202020203C757365725461736B2069643D227369642D32313861626336302D373737352D343037612D616133352D62326464333465336563643122206E616D653D22E4BABAE4BA8BE7BB9FE8AEA1222061637469766974693A61737369676E65653D2272656E736869222F3E0D0A202020203C656E644576656E742069643D227369642D36383939616633362D323636362D346330342D383830632D33393430306461633232633822206E616D653D22E7BB93E69D9FE4BA8BE4BBB6222F3E0D0A202020203C73657175656E6365466C6F772069643D227369642D32306136623933372D643136612D343866302D613363332D6637306431373830383239302220736F757263655265663D227369642D32313861626336302D373737352D343037612D616133352D62326464333465336563643122207461726765745265663D227369642D36383939616633362D323636362D346330342D383830632D333934303064616332326338222F3E0D0A202020203C73657175656E6365466C6F772069643D227369642D32663161326131332D326538382D343037332D623161352D3239323761666366323936332220736F757263655265663D227369642D65333563363432312D393433632D346330302D613233662D66393536393133613730326422207461726765745265663D227369642D32313861626336302D373737352D343037612D616133352D62326464333465336563643122206E616D653D22E5908CE6848F223E0D0A2020202020203C636F6E646974696F6E45787072657373696F6E207873693A747970653D2274466F726D616C45787072657373696F6E223E247B666C6167203D3D20317D3C2F636F6E646974696F6E45787072657373696F6E3E0D0A202020203C2F73657175656E6365466C6F773E0D0A202020203C6578636C7573697665476174657761792069643D227369642D65333563363432312D393433632D346330302D613233662D663935363931336137303264222F3E0D0A202020203C757365725461736B2069643D227369642D33366136613135332D656533312D343738322D626665362D30623966303264373339616122206E616D653D22E88081E69DBFE5AEA1E689B9222061637469766974693A61737369676E65653D226C616F62616E222F3E0D0A202020203C73657175656E6365466C6F772069643D227369642D35613538633561642D313562362D343463302D393835342D3664373561383664623137632220736F757263655265663D227369642D65333563363432312D393433632D346330302D613233662D66393536393133613730326422207461726765745265663D227369642D33366136613135332D656533312D343738322D626665362D30623966303264373339616122206E616D653D22E4B88DE5908CE6848F223E0D0A2020202020203C636F6E646974696F6E45787072657373696F6E207873693A747970653D2274466F726D616C45787072657373696F6E223E247B666C6167203D3D20307D3C2F636F6E646974696F6E45787072657373696F6E3E0D0A202020203C2F73657175656E6365466C6F773E0D0A202020203C73657175656E6365466C6F772069643D227369642D63353633373637662D366234632D343733392D613330342D3333643138663261343432342220736F757263655265663D227369642D33366136613135332D656533312D343738322D626665362D30623966303264373339616122207461726765745265663D227369642D36383939616633362D323636362D346330342D383830632D333934303064616332326338222F3E0D0A202020203C73657175656E6365466C6F772069643D227369642D39663030383230372D656430632D343033312D393134312D3932383932393666306231662220736F757263655265663D227369642D38376263363039382D623963642D343331662D383438392D62633264646231343965613222207461726765745265663D227369642D65333563363432312D393433632D346330302D613233662D663935363931336137303264222F3E0D0A20203C2F70726F636573733E0D0A20203C62706D6E64693A42504D4E4469616772616D2069643D2242504D4E4469616772616D5F74657374223E0D0A202020203C62706D6E64693A42504D4E506C616E652062706D6E456C656D656E743D226C65617665222069643D2242504D4E506C616E655F74657374223E0D0A2020202020203C62706D6E64693A42504D4E53686170652069643D2273686170652D61616638396631332D666565392D343165312D393963622D343565356334373430633938222062706D6E456C656D656E743D227369642D36373366656130392D363666372D346333652D383061392D386334616636346536353434223E0D0A20202020202020203C6F6D6764633A426F756E647320783D222D3132352E302220793D222D32302E30222077696474683D2233302E3022206865696768743D2233302E30222F3E0D0A2020202020203C2F62706D6E64693A42504D4E53686170653E0D0A2020202020203C62706D6E64693A42504D4E53686170652069643D2273686170652D30323130396166302D336163652D343566652D383933612D396334303866366663396166222062706D6E456C656D656E743D227369642D38376263363039382D623963642D343331662D383438392D626332646462313439656132223E0D0A20202020202020203C6F6D6764633A426F756E647320783D222D35302E302220793D222D32322E35222077696474683D2234302E3022206865696768743D2233352E30222F3E0D0A2020202020203C2F62706D6E64693A42504D4E53686170653E0D0A2020202020203C62706D6E64693A42504D4E456467652069643D22656467652D63333032356661662D663638622D343030302D623465622D663632346264303937623537222062706D6E456C656D656E743D227369642D61633532313535632D393662342D346436342D383264622D313934353836353538613361223E0D0A20202020202020203C6F6D6764693A776179706F696E7420783D222D39352E302220793D222D352E30222F3E0D0A20202020202020203C6F6D6764693A776179706F696E7420783D222D35302E302220793D222D352E30222F3E0D0A2020202020203C2F62706D6E64693A42504D4E456467653E0D0A2020202020203C62706D6E64693A42504D4E53686170652069643D2273686170652D62356535323263642D316534352D343564662D393136642D623966366130633062346637222062706D6E456C656D656E743D227369642D32313861626336302D373737352D343037612D616133352D623264643334653365636431223E0D0A20202020202020203C6F6D6764633A426F756E647320783D223132352E302220793D222D32302E30222077696474683D2236302E3022206865696768743D2233302E30222F3E0D0A2020202020203C2F62706D6E64693A42504D4E53686170653E0D0A2020202020203C62706D6E64693A42504D4E53686170652069643D2273686170652D33613464613832332D653433372D346131652D616433612D386538383562613466616231222062706D6E456C656D656E743D227369642D36383939616633362D323636362D346330342D383830632D333934303064616332326338223E0D0A20202020202020203C6F6D6764633A426F756E647320783D223234302E302220793D222D32302E30222077696474683D2233302E3022206865696768743D2233302E30222F3E0D0A2020202020203C2F62706D6E64693A42504D4E53686170653E0D0A2020202020203C62706D6E64693A42504D4E456467652069643D22656467652D35363762633031362D396663332D343161652D383866332D393063633166636432656235222062706D6E456C656D656E743D227369642D32306136623933372D643136612D343866302D613363332D663730643137383038323930223E0D0A20202020202020203C6F6D6764693A776179706F696E7420783D223138352E302220793D222D352E30222F3E0D0A20202020202020203C6F6D6764693A776179706F696E7420783D223234302E302220793D222D352E30222F3E0D0A2020202020203C2F62706D6E64693A42504D4E456467653E0D0A2020202020203C62706D6E64693A42504D4E456467652069643D22656467652D36653362653062392D336232352D343666352D393835322D643434316237333233333166222062706D6E456C656D656E743D227369642D32663161326131332D326538382D343037332D623161352D323932376166636632393633223E0D0A20202020202020203C6F6D6764693A776179706F696E7420783D2238302E302220793D222D352E30222F3E0D0A20202020202020203C6F6D6764693A776179706F696E7420783D223132352E302220793D222D352E30222F3E0D0A2020202020203C2F62706D6E64693A42504D4E456467653E0D0A2020202020203C62706D6E64693A42504D4E53686170652069643D2273686170652D66376162353661392D336361312D343062322D393831392D653364313536373764663038222062706D6E456C656D656E743D227369642D65333563363432312D393433632D346330302D613233662D663935363931336137303264223E0D0A20202020202020203C6F6D6764633A426F756E647320783D2234302E302220793D222D32352E30222077696474683D2234302E3022206865696768743D2234302E30222F3E0D0A2020202020203C2F62706D6E64693A42504D4E53686170653E0D0A2020202020203C62706D6E64693A42504D4E53686170652069643D2273686170652D36643138346633302D386334632D346565362D623534382D643761633737656136396132222062706D6E456C656D656E743D227369642D33366136613135332D656533312D343738322D626665362D306239663032643733396161223E0D0A20202020202020203C6F6D6764633A426F756E647320783D223131352E302220793D222D39302E30222077696474683D2237302E3022206865696768743D2234352E30222F3E0D0A2020202020203C2F62706D6E64693A42504D4E53686170653E0D0A2020202020203C62706D6E64693A42504D4E456467652069643D22656467652D30373366323664342D643534322D343665312D626234612D326437663939303561303135222062706D6E456C656D656E743D227369642D35613538633561642D313562362D343463302D393835342D366437356138366462313763223E0D0A20202020202020203C6F6D6764693A776179706F696E7420783D2236302E302220793D222D32352E30222F3E0D0A20202020202020203C6F6D6764693A776179706F696E7420783D223131352E302220793D222D35362E3235222F3E0D0A2020202020203C2F62706D6E64693A42504D4E456467653E0D0A2020202020203C62706D6E64693A42504D4E456467652069643D22656467652D38343763633931622D613833302D343135332D383165382D646530336137313264396566222062706D6E456C656D656E743D227369642D63353633373637662D366234632D343733392D613330342D333364313866326134343234223E0D0A20202020202020203C6F6D6764693A776179706F696E7420783D223138352E302220793D222D35362E3235222F3E0D0A20202020202020203C6F6D6764693A776179706F696E7420783D223234302E302220793D222D31322E35222F3E0D0A2020202020203C2F62706D6E64693A42504D4E456467653E0D0A2020202020203C62706D6E64693A42504D4E456467652069643D22656467652D31313536663332312D643563652D343062662D383630642D383932616161303635373633222062706D6E456C656D656E743D227369642D39663030383230372D656430632D343033312D393134312D393238393239366630623166223E0D0A20202020202020203C6F6D6764693A776179706F696E7420783D222D31302E302220793D222D352E30222F3E0D0A20202020202020203C6F6D6764693A776179706F696E7420783D2234302E302220793D222D352E30222F3E0D0A2020202020203C2F62706D6E64693A42504D4E456467653E0D0A202020203C2F62706D6E64693A42504D4E506C616E653E0D0A20203C2F62706D6E64693A42504D4E4469616772616D3E0D0A3C2F646566696E6974696F6E733E0D0A, 0);
INSERT INTO `act_ge_bytearray` VALUES ('e9678f88-a5e7-11ed-a085-005056c00008', 1, 'source', NULL, 0x7B226964223A2263616E766173222C227265736F757263654964223A2263616E766173222C227374656E63696C736574223A7B226E616D657370616365223A22687474703A2F2F62336D6E2E6F72672F7374656E63696C7365742F62706D6E322E3023227D7D, NULL);

-- ----------------------------
-- Table structure for act_ge_property
-- ----------------------------
DROP TABLE IF EXISTS `act_ge_property`;
CREATE TABLE `act_ge_property`  (
  `NAME_` varchar(64) CHARACTER SET utf8mb4 COLLATE utf8mb4_bin NOT NULL,
  `VALUE_` varchar(300) CHARACTER SET utf8mb4 COLLATE utf8mb4_bin NULL DEFAULT NULL,
  `REV_` int NULL DEFAULT NULL,
  PRIMARY KEY (`NAME_`) USING BTREE
) ENGINE = InnoDB CHARACTER SET = utf8mb4 COLLATE = utf8mb4_bin ROW_FORMAT = Dynamic;

-- ----------------------------
-- Records of act_ge_property
-- ----------------------------
INSERT INTO `act_ge_property` VALUES ('cfg.execution-related-entities-count', 'false', 1);
INSERT INTO `act_ge_property` VALUES ('next.dbid', '1', 1);
INSERT INTO `act_ge_property` VALUES ('schema.history', 'create(7.1.0-M6)', 1);
INSERT INTO `act_ge_property` VALUES ('schema.version', '7.1.0-M6', 1);

-- ----------------------------
-- Table structure for act_hi_actinst
-- ----------------------------
DROP TABLE IF EXISTS `act_hi_actinst`;
CREATE TABLE `act_hi_actinst`  (
  `ID_` varchar(64) CHARACTER SET utf8mb4 COLLATE utf8mb4_bin NOT NULL,
  `PROC_DEF_ID_` varchar(64) CHARACTER SET utf8mb4 COLLATE utf8mb4_bin NOT NULL,
  `PROC_INST_ID_` varchar(64) CHARACTER SET utf8mb4 COLLATE utf8mb4_bin NOT NULL,
  `EXECUTION_ID_` varchar(64) CHARACTER SET utf8mb4 COLLATE utf8mb4_bin NOT NULL,
  `ACT_ID_` varchar(255) CHARACTER SET utf8mb4 COLLATE utf8mb4_bin NOT NULL,
  `TASK_ID_` varchar(64) CHARACTER SET utf8mb4 COLLATE utf8mb4_bin NULL DEFAULT NULL,
  `CALL_PROC_INST_ID_` varchar(64) CHARACTER SET utf8mb4 COLLATE utf8mb4_bin NULL DEFAULT NULL,
  `ACT_NAME_` varchar(255) CHARACTER SET utf8mb4 COLLATE utf8mb4_bin NULL DEFAULT NULL,
  `ACT_TYPE_` varchar(255) CHARACTER SET utf8mb4 COLLATE utf8mb4_bin NOT NULL,
  `ASSIGNEE_` varchar(255) CHARACTER SET utf8mb4 COLLATE utf8mb4_bin NULL DEFAULT NULL,
  `START_TIME_` datetime(3) NOT NULL,
  `END_TIME_` datetime(3) NULL DEFAULT NULL,
  `DURATION_` bigint NULL DEFAULT NULL,
  `DELETE_REASON_` varchar(4000) CHARACTER SET utf8mb4 COLLATE utf8mb4_bin NULL DEFAULT NULL,
  `TENANT_ID_` varchar(255) CHARACTER SET utf8mb4 COLLATE utf8mb4_bin NULL DEFAULT '',
  PRIMARY KEY (`ID_`) USING BTREE,
  INDEX `ACT_IDX_HI_ACT_INST_START`(`START_TIME_` ASC) USING BTREE,
  INDEX `ACT_IDX_HI_ACT_INST_END`(`END_TIME_` ASC) USING BTREE,
  INDEX `ACT_IDX_HI_ACT_INST_PROCINST`(`PROC_INST_ID_` ASC, `ACT_ID_` ASC) USING BTREE,
  INDEX `ACT_IDX_HI_ACT_INST_EXEC`(`EXECUTION_ID_` ASC, `ACT_ID_` ASC) USING BTREE
) ENGINE = InnoDB CHARACTER SET = utf8mb4 COLLATE = utf8mb4_bin ROW_FORMAT = Dynamic;

-- ----------------------------
-- Records of act_hi_actinst
-- ----------------------------
INSERT INTO `act_hi_actinst` VALUES ('029ac17b-9542-11ed-9c5a-005056c00008', 'leave:2:b272bc83-9541-11ed-9ad2-005056c00008', 'f6f75313-9541-11ed-9c5a-005056c00008', 'f6f75314-9541-11ed-9c5a-005056c00008', 'sid-e35c6421-943c-4c00-a23f-f956913a702d', NULL, NULL, NULL, 'exclusiveGateway', NULL, '2023-01-16 10:03:46.243', '2023-01-16 10:03:46.244', 1, NULL, '');
INSERT INTO `act_hi_actinst` VALUES ('029ae88c-9542-11ed-9c5a-005056c00008', 'leave:2:b272bc83-9541-11ed-9ad2-005056c00008', 'f6f75313-9541-11ed-9c5a-005056c00008', 'f6f75314-9541-11ed-9c5a-005056c00008', 'sid-36a6a153-ee31-4782-bfe6-0b9f02d739aa', '029ae88d-9542-11ed-9c5a-005056c00008', NULL, '老板审批', 'userTask', 'laoban', '2023-01-16 10:03:46.244', '2023-01-16 10:04:18.856', 32612, NULL, '');
INSERT INTO `act_hi_actinst` VALUES ('160b1ad0-9542-11ed-9c5a-005056c00008', 'leave:2:b272bc83-9541-11ed-9ad2-005056c00008', 'f6f75313-9541-11ed-9c5a-005056c00008', 'f6f75314-9541-11ed-9c5a-005056c00008', 'sid-6899af36-2666-4c04-880c-39400dac22c8', NULL, NULL, '结束事件', 'endEvent', NULL, '2023-01-16 10:04:18.856', '2023-01-16 10:04:18.856', 0, NULL, '');
INSERT INTO `act_hi_actinst` VALUES ('238721ba-93b7-11ed-ae9f-005056c00008', 'leave:1:6bccf7a3-93b2-11ed-ac7d-005056c00008', '2384d7c8-93b7-11ed-ae9f-005056c00008', '23857409-93b7-11ed-ae9f-005056c00008', 'sid-673fea09-66f7-4c3e-80a9-8c4af64e6544', NULL, NULL, 'start', 'startEvent', NULL, '2023-01-14 10:57:10.271', '2023-01-14 10:57:10.277', 6, NULL, '');
INSERT INTO `act_hi_actinst` VALUES ('2388814b-93b7-11ed-ae9f-005056c00008', 'leave:1:6bccf7a3-93b2-11ed-ac7d-005056c00008', '2384d7c8-93b7-11ed-ae9f-005056c00008', '23857409-93b7-11ed-ae9f-005056c00008', 'sid-87bc6098-b9cd-431f-8489-bc2ddb149ea2', '238b8e8c-93b7-11ed-ae9f-005056c00008', NULL, '经理审批', 'userTask', 'jingli', '2023-01-14 10:57:10.280', '2023-01-14 16:46:37.107', 20966827, NULL, '');
INSERT INTO `act_hi_actinst` VALUES ('40a5cf42-953f-11ed-9c5a-005056c00008', 'leave:1:6bccf7a3-93b2-11ed-ac7d-005056c00008', '5ee02462-953b-11ed-b303-005056c00008', '5ee04b73-953b-11ed-b303-005056c00008', 'sid-6899af36-2666-4c04-880c-39400dac22c8', NULL, NULL, '结束事件', 'endEvent', NULL, '2023-01-16 09:44:01.844', '2023-01-16 09:44:01.844', 0, NULL, '');
INSERT INTO `act_hi_actinst` VALUES ('46e8bed5-953f-11ed-9c5a-005056c00008', 'leave:1:6bccf7a3-93b2-11ed-ac7d-005056c00008', '46e849a3-953f-11ed-9c5a-005056c00008', '46e870b4-953f-11ed-9c5a-005056c00008', 'sid-673fea09-66f7-4c3e-80a9-8c4af64e6544', NULL, NULL, 'start', 'startEvent', NULL, '2023-01-16 09:44:12.349', '2023-01-16 09:44:12.349', 0, NULL, '');
INSERT INTO `act_hi_actinst` VALUES ('46e8bed6-953f-11ed-9c5a-005056c00008', 'leave:1:6bccf7a3-93b2-11ed-ac7d-005056c00008', '46e849a3-953f-11ed-9c5a-005056c00008', '46e870b4-953f-11ed-9c5a-005056c00008', 'sid-87bc6098-b9cd-431f-8489-bc2ddb149ea2', '46ea4577-953f-11ed-9c5a-005056c00008', NULL, '经理审批', 'userTask', 'jingli', '2023-01-16 09:44:12.349', '2023-01-16 09:44:38.779', 26430, NULL, '');
INSERT INTO `act_hi_actinst` VALUES ('56a9a4bb-953f-11ed-9c5a-005056c00008', 'leave:1:6bccf7a3-93b2-11ed-ac7d-005056c00008', '46e849a3-953f-11ed-9c5a-005056c00008', '46e870b4-953f-11ed-9c5a-005056c00008', 'sid-e35c6421-943c-4c00-a23f-f956913a702d', NULL, NULL, NULL, 'exclusiveGateway', NULL, '2023-01-16 09:44:38.779', '2023-01-16 09:44:38.785', 6, NULL, '');
INSERT INTO `act_hi_actinst` VALUES ('56aa8f1c-953f-11ed-9c5a-005056c00008', 'leave:1:6bccf7a3-93b2-11ed-ac7d-005056c00008', '46e849a3-953f-11ed-9c5a-005056c00008', '46e870b4-953f-11ed-9c5a-005056c00008', 'sid-218abc60-7775-407a-aa35-b2dd34e3ecd1', '56aa8f1d-953f-11ed-9c5a-005056c00008', NULL, '人事统计', 'userTask', 'renshi', '2023-01-16 09:44:38.785', '2023-01-16 09:45:21.579', 42794, NULL, '');
INSERT INTO `act_hi_actinst` VALUES ('5b7f45d9-94f1-11ed-94c5-005056c00008', 'leave:1:6bccf7a3-93b2-11ed-ac7d-005056c00008', 'e489d65e-93b7-11ed-ae9f-005056c00008', 'e489d65f-93b7-11ed-ae9f-005056c00008', 'sid-6899af36-2666-4c04-880c-39400dac22c8', NULL, NULL, '结束事件', 'endEvent', NULL, '2023-01-16 00:26:26.145', '2023-01-16 00:26:26.146', 1, NULL, '');
INSERT INTO `act_hi_actinst` VALUES ('5ee0e7b4-953b-11ed-b303-005056c00008', 'leave:1:6bccf7a3-93b2-11ed-ac7d-005056c00008', '5ee02462-953b-11ed-b303-005056c00008', '5ee04b73-953b-11ed-b303-005056c00008', 'sid-673fea09-66f7-4c3e-80a9-8c4af64e6544', NULL, NULL, 'start', 'startEvent', NULL, '2023-01-16 09:16:14.576', '2023-01-16 09:16:14.578', 2, NULL, '');
INSERT INTO `act_hi_actinst` VALUES ('5ee15ce5-953b-11ed-b303-005056c00008', 'leave:1:6bccf7a3-93b2-11ed-ac7d-005056c00008', '5ee02462-953b-11ed-b303-005056c00008', '5ee04b73-953b-11ed-b303-005056c00008', 'sid-87bc6098-b9cd-431f-8489-bc2ddb149ea2', '5ee30a96-953b-11ed-b303-005056c00008', NULL, '经理审批', 'userTask', 'jingli', '2023-01-16 09:16:14.579', '2023-01-16 09:25:22.274', 547695, NULL, '');
INSERT INTO `act_hi_actinst` VALUES ('676656fa-94f2-11ed-8dba-005056c00008', 'leave:1:6bccf7a3-93b2-11ed-ac7d-005056c00008', '67651e78-94f2-11ed-8dba-005056c00008', '67656c99-94f2-11ed-8dba-005056c00008', 'sid-673fea09-66f7-4c3e-80a9-8c4af64e6544', NULL, NULL, 'start', 'startEvent', NULL, '2023-01-16 00:33:55.611', '2023-01-16 00:33:55.613', 2, NULL, '');
INSERT INTO `act_hi_actinst` VALUES ('67671a4b-94f2-11ed-8dba-005056c00008', 'leave:1:6bccf7a3-93b2-11ed-ac7d-005056c00008', '67651e78-94f2-11ed-8dba-005056c00008', '67656c99-94f2-11ed-8dba-005056c00008', 'sid-87bc6098-b9cd-431f-8489-bc2ddb149ea2', '6769d96c-94f2-11ed-8dba-005056c00008', NULL, '经理审批', 'userTask', 'jingli', '2023-01-16 00:33:55.616', '2023-01-16 00:34:21.671', 26055, NULL, '');
INSERT INTO `act_hi_actinst` VALUES ('6d226088-9538-11ed-8dba-005056c00008', 'leave:1:6bccf7a3-93b2-11ed-ac7d-005056c00008', '6d223976-9538-11ed-8dba-005056c00008', '6d223977-9538-11ed-8dba-005056c00008', 'sid-673fea09-66f7-4c3e-80a9-8c4af64e6544', NULL, NULL, 'start', 'startEvent', NULL, '2023-01-16 08:55:10.003', '2023-01-16 08:55:10.003', 0, NULL, '');
INSERT INTO `act_hi_actinst` VALUES ('6d226089-9538-11ed-8dba-005056c00008', 'leave:1:6bccf7a3-93b2-11ed-ac7d-005056c00008', '6d223976-9538-11ed-8dba-005056c00008', '6d223977-9538-11ed-8dba-005056c00008', 'sid-87bc6098-b9cd-431f-8489-bc2ddb149ea2', '6d22608a-9538-11ed-8dba-005056c00008', NULL, '经理审批', 'userTask', 'jingli', '2023-01-16 08:55:10.003', NULL, NULL, NULL, '');
INSERT INTO `act_hi_actinst` VALUES ('702c67c0-953f-11ed-9c5a-005056c00008', 'leave:1:6bccf7a3-93b2-11ed-ac7d-005056c00008', '46e849a3-953f-11ed-9c5a-005056c00008', '46e870b4-953f-11ed-9c5a-005056c00008', 'sid-6899af36-2666-4c04-880c-39400dac22c8', NULL, NULL, '结束事件', 'endEvent', NULL, '2023-01-16 09:45:21.579', '2023-01-16 09:45:21.579', 0, NULL, '');
INSERT INTO `act_hi_actinst` VALUES ('76eec7c0-94f2-11ed-8dba-005056c00008', 'leave:1:6bccf7a3-93b2-11ed-ac7d-005056c00008', '67651e78-94f2-11ed-8dba-005056c00008', '67656c99-94f2-11ed-8dba-005056c00008', 'sid-e35c6421-943c-4c00-a23f-f956913a702d', NULL, NULL, NULL, 'exclusiveGateway', NULL, '2023-01-16 00:34:21.671', '2023-01-16 00:34:21.683', 12, NULL, '');
INSERT INTO `act_hi_actinst` VALUES ('76f138c1-94f2-11ed-8dba-005056c00008', 'leave:1:6bccf7a3-93b2-11ed-ac7d-005056c00008', '67651e78-94f2-11ed-8dba-005056c00008', '67656c99-94f2-11ed-8dba-005056c00008', 'sid-218abc60-7775-407a-aa35-b2dd34e3ecd1', '76f138c2-94f2-11ed-8dba-005056c00008', NULL, '人事统计', 'userTask', 'renshi', '2023-01-16 00:34:21.687', '2023-01-16 00:36:52.853', 151166, NULL, '');
INSERT INTO `act_hi_actinst` VALUES ('79586d83-953f-11ed-9c5a-005056c00008', 'leave:1:6bccf7a3-93b2-11ed-ac7d-005056c00008', '79586d81-953f-11ed-9c5a-005056c00008', '79586d82-953f-11ed-9c5a-005056c00008', 'sid-673fea09-66f7-4c3e-80a9-8c4af64e6544', NULL, NULL, 'start', 'startEvent', NULL, '2023-01-16 09:45:36.967', '2023-01-16 09:45:36.967', 0, NULL, '');
INSERT INTO `act_hi_actinst` VALUES ('79586d84-953f-11ed-9c5a-005056c00008', 'leave:1:6bccf7a3-93b2-11ed-ac7d-005056c00008', '79586d81-953f-11ed-9c5a-005056c00008', '79586d82-953f-11ed-9c5a-005056c00008', 'sid-87bc6098-b9cd-431f-8489-bc2ddb149ea2', '79586d85-953f-11ed-9c5a-005056c00008', NULL, '经理审批', 'userTask', 'jingli', '2023-01-16 09:45:36.967', '2023-01-16 09:46:03.983', 27016, NULL, '');
INSERT INTO `act_hi_actinst` VALUES ('8972be09-953f-11ed-9c5a-005056c00008', 'leave:1:6bccf7a3-93b2-11ed-ac7d-005056c00008', '79586d81-953f-11ed-9c5a-005056c00008', '79586d82-953f-11ed-9c5a-005056c00008', 'sid-e35c6421-943c-4c00-a23f-f956913a702d', NULL, NULL, NULL, 'exclusiveGateway', NULL, '2023-01-16 09:46:03.983', '2023-01-16 09:46:03.983', 0, NULL, '');
INSERT INTO `act_hi_actinst` VALUES ('8972e51a-953f-11ed-9c5a-005056c00008', 'leave:1:6bccf7a3-93b2-11ed-ac7d-005056c00008', '79586d81-953f-11ed-9c5a-005056c00008', '79586d82-953f-11ed-9c5a-005056c00008', 'sid-36a6a153-ee31-4782-bfe6-0b9f02d739aa', '8972e51b-953f-11ed-9c5a-005056c00008', NULL, '老板审批', 'userTask', NULL, '2023-01-16 09:46:03.984', NULL, NULL, NULL, '');
INSERT INTO `act_hi_actinst` VALUES ('8f3d6d49-94f1-11ed-9fc9-005056c00008', 'leave:1:6bccf7a3-93b2-11ed-ac7d-005056c00008', '2384d7c8-93b7-11ed-ae9f-005056c00008', '23857409-93b7-11ed-ae9f-005056c00008', 'sid-6899af36-2666-4c04-880c-39400dac22c8', NULL, NULL, '结束事件', 'endEvent', NULL, '2023-01-16 00:27:52.956', '2023-01-16 00:27:52.957', 1, NULL, '');
INSERT INTO `act_hi_actinst` VALUES ('995c02ab-94ec-11ed-b4cd-005056c00008', 'leave:1:6bccf7a3-93b2-11ed-ac7d-005056c00008', '995a06d9-94ec-11ed-b4cd-005056c00008', '995a7c0a-94ec-11ed-b4cd-005056c00008', 'sid-673fea09-66f7-4c3e-80a9-8c4af64e6544', NULL, NULL, 'start', 'startEvent', NULL, '2023-01-15 23:52:22.449', '2023-01-15 23:52:22.453', 4, NULL, '');
INSERT INTO `act_hi_actinst` VALUES ('995d3b2c-94ec-11ed-b4cd-005056c00008', 'leave:1:6bccf7a3-93b2-11ed-ac7d-005056c00008', '995a06d9-94ec-11ed-b4cd-005056c00008', '995a7c0a-94ec-11ed-b4cd-005056c00008', 'sid-87bc6098-b9cd-431f-8489-bc2ddb149ea2', '9960215d-94ec-11ed-b4cd-005056c00008', NULL, '经理审批', 'userTask', 'jingli', '2023-01-15 23:52:22.457', '2023-01-15 23:52:59.565', 37108, NULL, '');
INSERT INTO `act_hi_actinst` VALUES ('9c6c12ae-93e7-11ed-a079-005056c00008', 'leave:1:6bccf7a3-93b2-11ed-ac7d-005056c00008', 'fcf2a560-93b4-11ed-9a18-005056c00008', 'fcf2f381-93b4-11ed-9a18-005056c00008', 'sid-e35c6421-943c-4c00-a23f-f956913a702d', NULL, NULL, NULL, 'exclusiveGateway', NULL, '2023-01-14 16:44:08.942', '2023-01-14 16:44:09.095', 153, NULL, '');
INSERT INTO `act_hi_actinst` VALUES ('9c84077f-93e7-11ed-a079-005056c00008', 'leave:1:6bccf7a3-93b2-11ed-ac7d-005056c00008', 'fcf2a560-93b4-11ed-9a18-005056c00008', 'fcf2f381-93b4-11ed-9a18-005056c00008', 'sid-218abc60-7775-407a-aa35-b2dd34e3ecd1', '9c8455a0-93e7-11ed-a079-005056c00008', NULL, '人事统计', 'userTask', 'renshi', '2023-01-14 16:44:09.098', '2023-01-15 23:54:01.906', 112192808, NULL, '');
INSERT INTO `act_hi_actinst` VALUES ('a55523ea-953c-11ed-b303-005056c00008', 'leave:1:6bccf7a3-93b2-11ed-ac7d-005056c00008', '5ee02462-953b-11ed-b303-005056c00008', '5ee04b73-953b-11ed-b303-005056c00008', 'sid-e35c6421-943c-4c00-a23f-f956913a702d', NULL, NULL, NULL, 'exclusiveGateway', NULL, '2023-01-16 09:25:22.275', '2023-01-16 09:25:22.285', 10, NULL, '');
INSERT INTO `act_hi_actinst` VALUES ('a556d19b-953c-11ed-b303-005056c00008', 'leave:1:6bccf7a3-93b2-11ed-ac7d-005056c00008', '5ee02462-953b-11ed-b303-005056c00008', '5ee04b73-953b-11ed-b303-005056c00008', 'sid-218abc60-7775-407a-aa35-b2dd34e3ecd1', 'a556d19c-953c-11ed-b303-005056c00008', NULL, '人事统计', 'userTask', 'renshi', '2023-01-16 09:25:22.286', '2023-01-16 09:44:01.839', 1119553, NULL, '');
INSERT INTO `act_hi_actinst` VALUES ('af7b7671-94ec-11ed-b4cd-005056c00008', 'leave:1:6bccf7a3-93b2-11ed-ac7d-005056c00008', '995a06d9-94ec-11ed-b4cd-005056c00008', '995a7c0a-94ec-11ed-b4cd-005056c00008', 'sid-e35c6421-943c-4c00-a23f-f956913a702d', NULL, NULL, NULL, 'exclusiveGateway', NULL, '2023-01-15 23:52:59.565', '2023-01-15 23:52:59.571', 6, NULL, '');
INSERT INTO `act_hi_actinst` VALUES ('af7c87e2-94ec-11ed-b4cd-005056c00008', 'leave:1:6bccf7a3-93b2-11ed-ac7d-005056c00008', '995a06d9-94ec-11ed-b4cd-005056c00008', '995a7c0a-94ec-11ed-b4cd-005056c00008', 'sid-218abc60-7775-407a-aa35-b2dd34e3ecd1', 'af7c87e3-94ec-11ed-b4cd-005056c00008', NULL, '人事统计', 'userTask', 'renshi', '2023-01-15 23:52:59.572', '2023-01-16 00:23:49.413', 1849841, NULL, '');
INSERT INTO `act_hi_actinst` VALUES ('b2bad3be-953f-11ed-9c5a-005056c00008', 'leave:1:6bccf7a3-93b2-11ed-ac7d-005056c00008', 'b2bad3bc-953f-11ed-9c5a-005056c00008', 'b2bad3bd-953f-11ed-9c5a-005056c00008', 'sid-673fea09-66f7-4c3e-80a9-8c4af64e6544', NULL, NULL, 'start', 'startEvent', NULL, '2023-01-16 09:47:13.242', '2023-01-16 09:47:13.242', 0, NULL, '');
INSERT INTO `act_hi_actinst` VALUES ('b2bad3bf-953f-11ed-9c5a-005056c00008', 'leave:1:6bccf7a3-93b2-11ed-ac7d-005056c00008', 'b2bad3bc-953f-11ed-9c5a-005056c00008', 'b2bad3bd-953f-11ed-9c5a-005056c00008', 'sid-87bc6098-b9cd-431f-8489-bc2ddb149ea2', 'b2bad3c0-953f-11ed-9c5a-005056c00008', NULL, '经理审批', 'userTask', 'jingli', '2023-01-16 09:47:13.242', '2023-01-16 09:47:38.672', 25430, NULL, '');
INSERT INTO `act_hi_actinst` VALUES ('c1e34a34-953f-11ed-9c5a-005056c00008', 'leave:1:6bccf7a3-93b2-11ed-ac7d-005056c00008', 'b2bad3bc-953f-11ed-9c5a-005056c00008', 'b2bad3bd-953f-11ed-9c5a-005056c00008', 'sid-e35c6421-943c-4c00-a23f-f956913a702d', NULL, NULL, NULL, 'exclusiveGateway', NULL, '2023-01-16 09:47:38.673', '2023-01-16 09:47:38.673', 0, NULL, '');
INSERT INTO `act_hi_actinst` VALUES ('c1e3bf65-953f-11ed-9c5a-005056c00008', 'leave:1:6bccf7a3-93b2-11ed-ac7d-005056c00008', 'b2bad3bc-953f-11ed-9c5a-005056c00008', 'b2bad3bd-953f-11ed-9c5a-005056c00008', 'sid-36a6a153-ee31-4782-bfe6-0b9f02d739aa', 'c1e3e676-953f-11ed-9c5a-005056c00008', NULL, '老板审批', 'userTask', NULL, '2023-01-16 09:47:38.676', NULL, NULL, NULL, '');
INSERT INTO `act_hi_actinst` VALUES ('d10b52a5-94f2-11ed-8dba-005056c00008', 'leave:1:6bccf7a3-93b2-11ed-ac7d-005056c00008', '67651e78-94f2-11ed-8dba-005056c00008', '67656c99-94f2-11ed-8dba-005056c00008', 'sid-6899af36-2666-4c04-880c-39400dac22c8', NULL, NULL, '结束事件', 'endEvent', NULL, '2023-01-16 00:36:52.853', '2023-01-16 00:36:52.853', 0, NULL, '');
INSERT INTO `act_hi_actinst` VALUES ('d4a3f1c6-94ec-11ed-b4cd-005056c00008', 'leave:1:6bccf7a3-93b2-11ed-ac7d-005056c00008', 'fcf2a560-93b4-11ed-9a18-005056c00008', 'fcf2f381-93b4-11ed-9a18-005056c00008', 'sid-6899af36-2666-4c04-880c-39400dac22c8', NULL, NULL, '结束事件', 'endEvent', NULL, '2023-01-15 23:54:01.906', '2023-01-15 23:54:01.906', 0, NULL, '');
INSERT INTO `act_hi_actinst` VALUES ('e489d660-93b7-11ed-ae9f-005056c00008', 'leave:1:6bccf7a3-93b2-11ed-ac7d-005056c00008', 'e489d65e-93b7-11ed-ae9f-005056c00008', 'e489d65f-93b7-11ed-ae9f-005056c00008', 'sid-673fea09-66f7-4c3e-80a9-8c4af64e6544', NULL, NULL, 'start', 'startEvent', NULL, '2023-01-14 11:02:34.089', '2023-01-14 11:02:34.089', 0, NULL, '');
INSERT INTO `act_hi_actinst` VALUES ('e489d661-93b7-11ed-ae9f-005056c00008', 'leave:1:6bccf7a3-93b2-11ed-ac7d-005056c00008', 'e489d65e-93b7-11ed-ae9f-005056c00008', 'e489d65f-93b7-11ed-ae9f-005056c00008', 'sid-87bc6098-b9cd-431f-8489-bc2ddb149ea2', 'e489fd72-93b7-11ed-ae9f-005056c00008', NULL, '经理审批', 'userTask', 'jingli', '2023-01-14 11:02:34.089', '2023-01-14 16:46:17.566', 20623477, NULL, '');
INSERT INTO `act_hi_actinst` VALUES ('e916b0c4-93e7-11ed-a079-005056c00008', 'leave:1:6bccf7a3-93b2-11ed-ac7d-005056c00008', 'e489d65e-93b7-11ed-ae9f-005056c00008', 'e489d65f-93b7-11ed-ae9f-005056c00008', 'sid-e35c6421-943c-4c00-a23f-f956913a702d', NULL, NULL, NULL, 'exclusiveGateway', NULL, '2023-01-14 16:46:17.567', '2023-01-14 16:46:17.567', 0, NULL, '');
INSERT INTO `act_hi_actinst` VALUES ('e916fee5-93e7-11ed-a079-005056c00008', 'leave:1:6bccf7a3-93b2-11ed-ac7d-005056c00008', 'e489d65e-93b7-11ed-ae9f-005056c00008', 'e489d65f-93b7-11ed-ae9f-005056c00008', 'sid-218abc60-7775-407a-aa35-b2dd34e3ecd1', 'e916fee6-93e7-11ed-a079-005056c00008', NULL, '人事统计', 'userTask', 'renshi', '2023-01-14 16:46:17.568', '2023-01-16 00:26:26.127', 114008559, NULL, '');
INSERT INTO `act_hi_actinst` VALUES ('f4bc691a-93e7-11ed-a079-005056c00008', 'leave:1:6bccf7a3-93b2-11ed-ac7d-005056c00008', '2384d7c8-93b7-11ed-ae9f-005056c00008', '23857409-93b7-11ed-ae9f-005056c00008', 'sid-e35c6421-943c-4c00-a23f-f956913a702d', NULL, NULL, NULL, 'exclusiveGateway', NULL, '2023-01-14 16:46:37.107', '2023-01-14 16:46:37.107', 0, NULL, '');
INSERT INTO `act_hi_actinst` VALUES ('f4bc902b-93e7-11ed-a079-005056c00008', 'leave:1:6bccf7a3-93b2-11ed-ac7d-005056c00008', '2384d7c8-93b7-11ed-ae9f-005056c00008', '23857409-93b7-11ed-ae9f-005056c00008', 'sid-218abc60-7775-407a-aa35-b2dd34e3ecd1', 'f4bc902c-93e7-11ed-a079-005056c00008', NULL, '人事统计', 'userTask', 'renshi', '2023-01-14 16:46:37.108', '2023-01-16 00:27:52.947', 114075839, NULL, '');
INSERT INTO `act_hi_actinst` VALUES ('f6f75315-9541-11ed-9c5a-005056c00008', 'leave:2:b272bc83-9541-11ed-9ad2-005056c00008', 'f6f75313-9541-11ed-9c5a-005056c00008', 'f6f75314-9541-11ed-9c5a-005056c00008', 'sid-673fea09-66f7-4c3e-80a9-8c4af64e6544', NULL, NULL, 'start', 'startEvent', NULL, '2023-01-16 10:03:26.717', '2023-01-16 10:03:26.717', 0, NULL, '');
INSERT INTO `act_hi_actinst` VALUES ('f6f75316-9541-11ed-9c5a-005056c00008', 'leave:2:b272bc83-9541-11ed-9ad2-005056c00008', 'f6f75313-9541-11ed-9c5a-005056c00008', 'f6f75314-9541-11ed-9c5a-005056c00008', 'sid-87bc6098-b9cd-431f-8489-bc2ddb149ea2', 'f6f75317-9541-11ed-9c5a-005056c00008', NULL, '经理审批', 'userTask', 'jingli', '2023-01-16 10:03:26.717', '2023-01-16 10:03:46.243', 19526, NULL, '');
INSERT INTO `act_hi_actinst` VALUES ('fcf3dde2-93b4-11ed-9a18-005056c00008', 'leave:1:6bccf7a3-93b2-11ed-ac7d-005056c00008', 'fcf2a560-93b4-11ed-9a18-005056c00008', 'fcf2f381-93b4-11ed-9a18-005056c00008', 'sid-673fea09-66f7-4c3e-80a9-8c4af64e6544', NULL, NULL, 'start', 'startEvent', NULL, '2023-01-14 10:41:46.560', '2023-01-14 10:41:46.562', 2, NULL, '');
INSERT INTO `act_hi_actinst` VALUES ('fcf4ef53-93b4-11ed-9a18-005056c00008', 'leave:1:6bccf7a3-93b2-11ed-ac7d-005056c00008', 'fcf2a560-93b4-11ed-9a18-005056c00008', 'fcf2f381-93b4-11ed-9a18-005056c00008', 'sid-87bc6098-b9cd-431f-8489-bc2ddb149ea2', 'fcf73944-93b4-11ed-9a18-005056c00008', NULL, '经理审批', 'userTask', 'jingli', '2023-01-14 10:41:46.566', '2023-01-14 16:44:08.918', 21742352, NULL, '');
INSERT INTO `act_hi_actinst` VALUES ('fe14c854-94f0-11ed-ac4e-005056c00008', 'leave:1:6bccf7a3-93b2-11ed-ac7d-005056c00008', '995a06d9-94ec-11ed-b4cd-005056c00008', '995a7c0a-94ec-11ed-b4cd-005056c00008', 'sid-6899af36-2666-4c04-880c-39400dac22c8', NULL, NULL, '结束事件', 'endEvent', NULL, '2023-01-16 00:23:49.420', '2023-01-16 00:23:49.420', 0, NULL, '');

-- ----------------------------
-- Table structure for act_hi_attachment
-- ----------------------------
DROP TABLE IF EXISTS `act_hi_attachment`;
CREATE TABLE `act_hi_attachment`  (
  `ID_` varchar(64) CHARACTER SET utf8mb4 COLLATE utf8mb4_bin NOT NULL,
  `REV_` int NULL DEFAULT NULL,
  `USER_ID_` varchar(255) CHARACTER SET utf8mb4 COLLATE utf8mb4_bin NULL DEFAULT NULL,
  `NAME_` varchar(255) CHARACTER SET utf8mb4 COLLATE utf8mb4_bin NULL DEFAULT NULL,
  `DESCRIPTION_` varchar(4000) CHARACTER SET utf8mb4 COLLATE utf8mb4_bin NULL DEFAULT NULL,
  `TYPE_` varchar(255) CHARACTER SET utf8mb4 COLLATE utf8mb4_bin NULL DEFAULT NULL,
  `TASK_ID_` varchar(64) CHARACTER SET utf8mb4 COLLATE utf8mb4_bin NULL DEFAULT NULL,
  `PROC_INST_ID_` varchar(64) CHARACTER SET utf8mb4 COLLATE utf8mb4_bin NULL DEFAULT NULL,
  `URL_` varchar(4000) CHARACTER SET utf8mb4 COLLATE utf8mb4_bin NULL DEFAULT NULL,
  `CONTENT_ID_` varchar(64) CHARACTER SET utf8mb4 COLLATE utf8mb4_bin NULL DEFAULT NULL,
  `TIME_` datetime(3) NULL DEFAULT NULL,
  PRIMARY KEY (`ID_`) USING BTREE
) ENGINE = InnoDB CHARACTER SET = utf8mb4 COLLATE = utf8mb4_bin ROW_FORMAT = Dynamic;

-- ----------------------------
-- Records of act_hi_attachment
-- ----------------------------

-- ----------------------------
-- Table structure for act_hi_comment
-- ----------------------------
DROP TABLE IF EXISTS `act_hi_comment`;
CREATE TABLE `act_hi_comment`  (
  `ID_` varchar(64) CHARACTER SET utf8mb4 COLLATE utf8mb4_bin NOT NULL,
  `TYPE_` varchar(255) CHARACTER SET utf8mb4 COLLATE utf8mb4_bin NULL DEFAULT NULL,
  `TIME_` datetime(3) NOT NULL,
  `USER_ID_` varchar(255) CHARACTER SET utf8mb4 COLLATE utf8mb4_bin NULL DEFAULT NULL,
  `TASK_ID_` varchar(64) CHARACTER SET utf8mb4 COLLATE utf8mb4_bin NULL DEFAULT NULL,
  `PROC_INST_ID_` varchar(64) CHARACTER SET utf8mb4 COLLATE utf8mb4_bin NULL DEFAULT NULL,
  `ACTION_` varchar(255) CHARACTER SET utf8mb4 COLLATE utf8mb4_bin NULL DEFAULT NULL,
  `MESSAGE_` varchar(4000) CHARACTER SET utf8mb4 COLLATE utf8mb4_bin NULL DEFAULT NULL,
  `FULL_MSG_` longblob NULL,
  PRIMARY KEY (`ID_`) USING BTREE
) ENGINE = InnoDB CHARACTER SET = utf8mb4 COLLATE = utf8mb4_bin ROW_FORMAT = Dynamic;

-- ----------------------------
-- Records of act_hi_comment
-- ----------------------------

-- ----------------------------
-- Table structure for act_hi_detail
-- ----------------------------
DROP TABLE IF EXISTS `act_hi_detail`;
CREATE TABLE `act_hi_detail`  (
  `ID_` varchar(64) CHARACTER SET utf8mb4 COLLATE utf8mb4_bin NOT NULL,
  `TYPE_` varchar(255) CHARACTER SET utf8mb4 COLLATE utf8mb4_bin NOT NULL,
  `PROC_INST_ID_` varchar(64) CHARACTER SET utf8mb4 COLLATE utf8mb4_bin NULL DEFAULT NULL,
  `EXECUTION_ID_` varchar(64) CHARACTER SET utf8mb4 COLLATE utf8mb4_bin NULL DEFAULT NULL,
  `TASK_ID_` varchar(64) CHARACTER SET utf8mb4 COLLATE utf8mb4_bin NULL DEFAULT NULL,
  `ACT_INST_ID_` varchar(64) CHARACTER SET utf8mb4 COLLATE utf8mb4_bin NULL DEFAULT NULL,
  `NAME_` varchar(255) CHARACTER SET utf8mb4 COLLATE utf8mb4_bin NOT NULL,
  `VAR_TYPE_` varchar(255) CHARACTER SET utf8mb4 COLLATE utf8mb4_bin NULL DEFAULT NULL,
  `REV_` int NULL DEFAULT NULL,
  `TIME_` datetime(3) NOT NULL,
  `BYTEARRAY_ID_` varchar(64) CHARACTER SET utf8mb4 COLLATE utf8mb4_bin NULL DEFAULT NULL,
  `DOUBLE_` double NULL DEFAULT NULL,
  `LONG_` bigint NULL DEFAULT NULL,
  `TEXT_` varchar(4000) CHARACTER SET utf8mb4 COLLATE utf8mb4_bin NULL DEFAULT NULL,
  `TEXT2_` varchar(4000) CHARACTER SET utf8mb4 COLLATE utf8mb4_bin NULL DEFAULT NULL,
  PRIMARY KEY (`ID_`) USING BTREE,
  INDEX `ACT_IDX_HI_DETAIL_PROC_INST`(`PROC_INST_ID_` ASC) USING BTREE,
  INDEX `ACT_IDX_HI_DETAIL_ACT_INST`(`ACT_INST_ID_` ASC) USING BTREE,
  INDEX `ACT_IDX_HI_DETAIL_TIME`(`TIME_` ASC) USING BTREE,
  INDEX `ACT_IDX_HI_DETAIL_NAME`(`NAME_` ASC) USING BTREE,
  INDEX `ACT_IDX_HI_DETAIL_TASK_ID`(`TASK_ID_` ASC) USING BTREE
) ENGINE = InnoDB CHARACTER SET = utf8mb4 COLLATE = utf8mb4_bin ROW_FORMAT = Dynamic;

-- ----------------------------
-- Records of act_hi_detail
-- ----------------------------
INSERT INTO `act_hi_detail` VALUES ('029a4c4a-9542-11ed-9c5a-005056c00008', 'VariableUpdate', 'f6f75313-9541-11ed-9c5a-005056c00008', 'f6f75313-9541-11ed-9c5a-005056c00008', NULL, 'f6f75316-9541-11ed-9c5a-005056c00008', 'flag', 'string', 0, '2023-01-16 10:03:46.240', NULL, NULL, NULL, '0', NULL);
INSERT INTO `act_hi_detail` VALUES ('160accaf-9542-11ed-9c5a-005056c00008', 'VariableUpdate', 'f6f75313-9541-11ed-9c5a-005056c00008', 'f6f75313-9541-11ed-9c5a-005056c00008', NULL, '029ae88c-9542-11ed-9c5a-005056c00008', 'flag', 'string', 1, '2023-01-16 10:04:18.854', NULL, NULL, NULL, '1', NULL);
INSERT INTO `act_hi_detail` VALUES ('40a33731-953f-11ed-9c5a-005056c00008', 'VariableUpdate', '5ee02462-953b-11ed-b303-005056c00008', '5ee02462-953b-11ed-b303-005056c00008', NULL, 'a556d19b-953c-11ed-b303-005056c00008', 'flag', 'string', 1, '2023-01-16 09:44:01.827', NULL, NULL, NULL, '1', NULL);
INSERT INTO `act_hi_detail` VALUES ('56a92f8a-953f-11ed-9c5a-005056c00008', 'VariableUpdate', '46e849a3-953f-11ed-9c5a-005056c00008', '46e849a3-953f-11ed-9c5a-005056c00008', NULL, '46e8bed6-953f-11ed-9c5a-005056c00008', 'flag', 'string', 0, '2023-01-16 09:44:38.776', NULL, NULL, NULL, '1', NULL);
INSERT INTO `act_hi_detail` VALUES ('5b7a8ae8-94f1-11ed-94c5-005056c00008', 'VariableUpdate', 'e489d65e-93b7-11ed-ae9f-005056c00008', 'e489d65e-93b7-11ed-ae9f-005056c00008', NULL, 'e916fee5-93e7-11ed-a079-005056c00008', 'flag', 'string', 1, '2023-01-16 00:26:26.114', NULL, NULL, NULL, '1', NULL);
INSERT INTO `act_hi_detail` VALUES ('702c199f-953f-11ed-9c5a-005056c00008', 'VariableUpdate', '46e849a3-953f-11ed-9c5a-005056c00008', '46e849a3-953f-11ed-9c5a-005056c00008', NULL, '56aa8f1c-953f-11ed-9c5a-005056c00008', 'flag', 'string', 1, '2023-01-16 09:45:21.577', NULL, NULL, NULL, '1', NULL);
INSERT INTO `act_hi_detail` VALUES ('76ed1a0f-94f2-11ed-8dba-005056c00008', 'VariableUpdate', '67651e78-94f2-11ed-8dba-005056c00008', '67651e78-94f2-11ed-8dba-005056c00008', NULL, '67671a4b-94f2-11ed-8dba-005056c00008', 'flag', 'string', 0, '2023-01-16 00:34:21.660', NULL, NULL, NULL, '1', NULL);
INSERT INTO `act_hi_detail` VALUES ('89726fe8-953f-11ed-9c5a-005056c00008', 'VariableUpdate', '79586d81-953f-11ed-9c5a-005056c00008', '79586d81-953f-11ed-9c5a-005056c00008', NULL, '79586d84-953f-11ed-9c5a-005056c00008', 'flag', 'string', 0, '2023-01-16 09:46:03.981', NULL, NULL, NULL, '0', NULL);
INSERT INTO `act_hi_detail` VALUES ('8f386438-94f1-11ed-9fc9-005056c00008', 'VariableUpdate', '2384d7c8-93b7-11ed-ae9f-005056c00008', '2384d7c8-93b7-11ed-ae9f-005056c00008', NULL, 'f4bc902b-93e7-11ed-a079-005056c00008', 'flag', 'string', 1, '2023-01-16 00:27:52.922', NULL, NULL, NULL, '1', NULL);
INSERT INTO `act_hi_detail` VALUES ('9c5f416d-93e7-11ed-a079-005056c00008', 'VariableUpdate', 'fcf2a560-93b4-11ed-9a18-005056c00008', 'fcf2a560-93b4-11ed-9a18-005056c00008', NULL, 'fcf4ef53-93b4-11ed-9a18-005056c00008', 'flag', 'string', 0, '2023-01-14 16:44:08.857', NULL, NULL, NULL, '1', NULL);
INSERT INTO `act_hi_detail` VALUES ('a5530109-953c-11ed-b303-005056c00008', 'VariableUpdate', '5ee02462-953b-11ed-b303-005056c00008', '5ee02462-953b-11ed-b303-005056c00008', NULL, '5ee15ce5-953b-11ed-b303-005056c00008', 'flag', 'string', 0, '2023-01-16 09:25:22.261', NULL, NULL, NULL, '1', NULL);
INSERT INTO `act_hi_detail` VALUES ('af7a16e0-94ec-11ed-b4cd-005056c00008', 'VariableUpdate', '995a06d9-94ec-11ed-b4cd-005056c00008', '995a06d9-94ec-11ed-b4cd-005056c00008', NULL, '995d3b2c-94ec-11ed-b4cd-005056c00008', 'flag', 'string', 0, '2023-01-15 23:52:59.556', NULL, NULL, NULL, '1', NULL);
INSERT INTO `act_hi_detail` VALUES ('c1e08b13-953f-11ed-9c5a-005056c00008', 'VariableUpdate', 'b2bad3bc-953f-11ed-9c5a-005056c00008', 'b2bad3bc-953f-11ed-9c5a-005056c00008', NULL, 'b2bad3bf-953f-11ed-9c5a-005056c00008', 'flag', 'string', 0, '2023-01-16 09:47:38.655', NULL, NULL, NULL, '0', NULL);
INSERT INTO `act_hi_detail` VALUES ('d10a4134-94f2-11ed-8dba-005056c00008', 'VariableUpdate', '67651e78-94f2-11ed-8dba-005056c00008', '67651e78-94f2-11ed-8dba-005056c00008', NULL, '76f138c1-94f2-11ed-8dba-005056c00008', 'flag', 'string', 1, '2023-01-16 00:36:52.846', NULL, NULL, NULL, '1', NULL);
INSERT INTO `act_hi_detail` VALUES ('d4a32e75-94ec-11ed-b4cd-005056c00008', 'VariableUpdate', 'fcf2a560-93b4-11ed-9a18-005056c00008', 'fcf2a560-93b4-11ed-9a18-005056c00008', NULL, '9c84077f-93e7-11ed-a079-005056c00008', 'flag', 'string', 1, '2023-01-15 23:54:01.901', NULL, NULL, NULL, '1', NULL);
INSERT INTO `act_hi_detail` VALUES ('e9159f53-93e7-11ed-a079-005056c00008', 'VariableUpdate', 'e489d65e-93b7-11ed-ae9f-005056c00008', 'e489d65e-93b7-11ed-ae9f-005056c00008', NULL, 'e489d661-93b7-11ed-ae9f-005056c00008', 'flag', 'string', 0, '2023-01-14 16:46:17.559', NULL, NULL, NULL, '1', NULL);
INSERT INTO `act_hi_detail` VALUES ('f4bbccd9-93e7-11ed-a079-005056c00008', 'VariableUpdate', '2384d7c8-93b7-11ed-ae9f-005056c00008', '2384d7c8-93b7-11ed-ae9f-005056c00008', NULL, '2388814b-93b7-11ed-ae9f-005056c00008', 'flag', 'string', 0, '2023-01-14 16:46:37.103', NULL, NULL, NULL, '1', NULL);
INSERT INTO `act_hi_detail` VALUES ('fe108293-94f0-11ed-ac4e-005056c00008', 'VariableUpdate', '995a06d9-94ec-11ed-b4cd-005056c00008', '995a06d9-94ec-11ed-b4cd-005056c00008', NULL, 'af7c87e2-94ec-11ed-b4cd-005056c00008', 'flag', 'string', 1, '2023-01-16 00:23:49.391', NULL, NULL, NULL, '1', NULL);

-- ----------------------------
-- Table structure for act_hi_identitylink
-- ----------------------------
DROP TABLE IF EXISTS `act_hi_identitylink`;
CREATE TABLE `act_hi_identitylink`  (
  `ID_` varchar(64) CHARACTER SET utf8mb4 COLLATE utf8mb4_bin NOT NULL,
  `GROUP_ID_` varchar(255) CHARACTER SET utf8mb4 COLLATE utf8mb4_bin NULL DEFAULT NULL,
  `TYPE_` varchar(255) CHARACTER SET utf8mb4 COLLATE utf8mb4_bin NULL DEFAULT NULL,
  `USER_ID_` varchar(255) CHARACTER SET utf8mb4 COLLATE utf8mb4_bin NULL DEFAULT NULL,
  `TASK_ID_` varchar(64) CHARACTER SET utf8mb4 COLLATE utf8mb4_bin NULL DEFAULT NULL,
  `PROC_INST_ID_` varchar(64) CHARACTER SET utf8mb4 COLLATE utf8mb4_bin NULL DEFAULT NULL,
  PRIMARY KEY (`ID_`) USING BTREE,
  INDEX `ACT_IDX_HI_IDENT_LNK_USER`(`USER_ID_` ASC) USING BTREE,
  INDEX `ACT_IDX_HI_IDENT_LNK_TASK`(`TASK_ID_` ASC) USING BTREE,
  INDEX `ACT_IDX_HI_IDENT_LNK_PROCINST`(`PROC_INST_ID_` ASC) USING BTREE
) ENGINE = InnoDB CHARACTER SET = utf8mb4 COLLATE = utf8mb4_bin ROW_FORMAT = Dynamic;

-- ----------------------------
-- Records of act_hi_identitylink
-- ----------------------------
INSERT INTO `act_hi_identitylink` VALUES ('029b0f9e-9542-11ed-9c5a-005056c00008', NULL, 'participant', 'laoban', NULL, 'f6f75313-9541-11ed-9c5a-005056c00008');
INSERT INTO `act_hi_identitylink` VALUES ('238bdcad-93b7-11ed-ae9f-005056c00008', NULL, 'participant', 'jingli', NULL, '2384d7c8-93b7-11ed-ae9f-005056c00008');
INSERT INTO `act_hi_identitylink` VALUES ('46ea6c88-953f-11ed-9c5a-005056c00008', NULL, 'participant', 'jingli', NULL, '46e849a3-953f-11ed-9c5a-005056c00008');
INSERT INTO `act_hi_identitylink` VALUES ('56aab62e-953f-11ed-9c5a-005056c00008', NULL, 'participant', 'renshi', NULL, '46e849a3-953f-11ed-9c5a-005056c00008');
INSERT INTO `act_hi_identitylink` VALUES ('5ee358b7-953b-11ed-b303-005056c00008', NULL, 'participant', 'jingli', NULL, '5ee02462-953b-11ed-b303-005056c00008');
INSERT INTO `act_hi_identitylink` VALUES ('676a4e9d-94f2-11ed-8dba-005056c00008', NULL, 'participant', 'jingli', NULL, '67651e78-94f2-11ed-8dba-005056c00008');
INSERT INTO `act_hi_identitylink` VALUES ('6d22608b-9538-11ed-8dba-005056c00008', NULL, 'participant', 'jingli', NULL, '6d223976-9538-11ed-8dba-005056c00008');
INSERT INTO `act_hi_identitylink` VALUES ('76f1adf3-94f2-11ed-8dba-005056c00008', NULL, 'participant', 'renshi', NULL, '67651e78-94f2-11ed-8dba-005056c00008');
INSERT INTO `act_hi_identitylink` VALUES ('79586d86-953f-11ed-9c5a-005056c00008', NULL, 'participant', 'jingli', NULL, '79586d81-953f-11ed-9c5a-005056c00008');
INSERT INTO `act_hi_identitylink` VALUES ('9960bd9e-94ec-11ed-b4cd-005056c00008', NULL, 'participant', 'jingli', NULL, '995a06d9-94ec-11ed-b4cd-005056c00008');
INSERT INTO `act_hi_identitylink` VALUES ('9c8762e1-93e7-11ed-a079-005056c00008', NULL, 'participant', 'renshi', NULL, 'fcf2a560-93b4-11ed-9a18-005056c00008');
INSERT INTO `act_hi_identitylink` VALUES ('a556f8ad-953c-11ed-b303-005056c00008', NULL, 'participant', 'renshi', NULL, '5ee02462-953b-11ed-b303-005056c00008');
INSERT INTO `act_hi_identitylink` VALUES ('af7cfd14-94ec-11ed-b4cd-005056c00008', NULL, 'participant', 'renshi', NULL, '995a06d9-94ec-11ed-b4cd-005056c00008');
INSERT INTO `act_hi_identitylink` VALUES ('b2bad3c1-953f-11ed-9c5a-005056c00008', NULL, 'participant', 'jingli', NULL, 'b2bad3bc-953f-11ed-9c5a-005056c00008');
INSERT INTO `act_hi_identitylink` VALUES ('e489fd73-93b7-11ed-ae9f-005056c00008', NULL, 'participant', 'jingli', NULL, 'e489d65e-93b7-11ed-ae9f-005056c00008');
INSERT INTO `act_hi_identitylink` VALUES ('e91725f7-93e7-11ed-a079-005056c00008', NULL, 'participant', 'renshi', NULL, 'e489d65e-93b7-11ed-ae9f-005056c00008');
INSERT INTO `act_hi_identitylink` VALUES ('f4bcb73d-93e7-11ed-a079-005056c00008', NULL, 'participant', 'renshi', NULL, '2384d7c8-93b7-11ed-ae9f-005056c00008');
INSERT INTO `act_hi_identitylink` VALUES ('f6f7a138-9541-11ed-9c5a-005056c00008', NULL, 'participant', 'jingli', NULL, 'f6f75313-9541-11ed-9c5a-005056c00008');
INSERT INTO `act_hi_identitylink` VALUES ('fcf7ae75-93b4-11ed-9a18-005056c00008', NULL, 'participant', 'jingli', NULL, 'fcf2a560-93b4-11ed-9a18-005056c00008');

-- ----------------------------
-- Table structure for act_hi_procinst
-- ----------------------------
DROP TABLE IF EXISTS `act_hi_procinst`;
CREATE TABLE `act_hi_procinst`  (
  `ID_` varchar(64) CHARACTER SET utf8mb4 COLLATE utf8mb4_bin NOT NULL,
  `PROC_INST_ID_` varchar(64) CHARACTER SET utf8mb4 COLLATE utf8mb4_bin NOT NULL,
  `BUSINESS_KEY_` varchar(255) CHARACTER SET utf8mb4 COLLATE utf8mb4_bin NULL DEFAULT NULL,
  `PROC_DEF_ID_` varchar(64) CHARACTER SET utf8mb4 COLLATE utf8mb4_bin NOT NULL,
  `START_TIME_` datetime(3) NOT NULL,
  `END_TIME_` datetime(3) NULL DEFAULT NULL,
  `DURATION_` bigint NULL DEFAULT NULL,
  `START_USER_ID_` varchar(255) CHARACTER SET utf8mb4 COLLATE utf8mb4_bin NULL DEFAULT NULL,
  `START_ACT_ID_` varchar(255) CHARACTER SET utf8mb4 COLLATE utf8mb4_bin NULL DEFAULT NULL,
  `END_ACT_ID_` varchar(255) CHARACTER SET utf8mb4 COLLATE utf8mb4_bin NULL DEFAULT NULL,
  `SUPER_PROCESS_INSTANCE_ID_` varchar(64) CHARACTER SET utf8mb4 COLLATE utf8mb4_bin NULL DEFAULT NULL,
  `DELETE_REASON_` varchar(4000) CHARACTER SET utf8mb4 COLLATE utf8mb4_bin NULL DEFAULT NULL,
  `TENANT_ID_` varchar(255) CHARACTER SET utf8mb4 COLLATE utf8mb4_bin NULL DEFAULT '',
  `NAME_` varchar(255) CHARACTER SET utf8mb4 COLLATE utf8mb4_bin NULL DEFAULT NULL,
  PRIMARY KEY (`ID_`) USING BTREE,
  UNIQUE INDEX `PROC_INST_ID_`(`PROC_INST_ID_` ASC) USING BTREE,
  INDEX `ACT_IDX_HI_PRO_INST_END`(`END_TIME_` ASC) USING BTREE,
  INDEX `ACT_IDX_HI_PRO_I_BUSKEY`(`BUSINESS_KEY_` ASC) USING BTREE
) ENGINE = InnoDB CHARACTER SET = utf8mb4 COLLATE = utf8mb4_bin ROW_FORMAT = Dynamic;

-- ----------------------------
-- Records of act_hi_procinst
-- ----------------------------
INSERT INTO `act_hi_procinst` VALUES ('2384d7c8-93b7-11ed-ae9f-005056c00008', '2384d7c8-93b7-11ed-ae9f-005056c00008', '1613423848385036289', 'leave:1:6bccf7a3-93b2-11ed-ac7d-005056c00008', '2023-01-14 10:57:10.265', '2023-01-16 00:27:52.970', 135042705, NULL, 'sid-673fea09-66f7-4c3e-80a9-8c4af64e6544', 'sid-6899af36-2666-4c04-880c-39400dac22c8', NULL, NULL, '', NULL);
INSERT INTO `act_hi_procinst` VALUES ('46e849a3-953f-11ed-9c5a-005056c00008', '46e849a3-953f-11ed-9c5a-005056c00008', '1614651678951395329', 'leave:1:6bccf7a3-93b2-11ed-ac7d-005056c00008', '2023-01-16 09:44:12.348', '2023-01-16 09:45:21.584', 69236, NULL, 'sid-673fea09-66f7-4c3e-80a9-8c4af64e6544', 'sid-6899af36-2666-4c04-880c-39400dac22c8', NULL, NULL, '', NULL);
INSERT INTO `act_hi_procinst` VALUES ('5ee02462-953b-11ed-b303-005056c00008', '5ee02462-953b-11ed-b303-005056c00008', '1614651678951395329', 'leave:1:6bccf7a3-93b2-11ed-ac7d-005056c00008', '2023-01-16 09:16:14.574', '2023-01-16 09:44:01.851', 1667277, NULL, 'sid-673fea09-66f7-4c3e-80a9-8c4af64e6544', 'sid-6899af36-2666-4c04-880c-39400dac22c8', NULL, NULL, '', NULL);
INSERT INTO `act_hi_procinst` VALUES ('67651e78-94f2-11ed-8dba-005056c00008', '67651e78-94f2-11ed-8dba-005056c00008', '1614651678951395329', 'leave:1:6bccf7a3-93b2-11ed-ac7d-005056c00008', '2023-01-16 00:33:55.608', '2023-01-16 00:36:52.868', 177260, NULL, 'sid-673fea09-66f7-4c3e-80a9-8c4af64e6544', 'sid-6899af36-2666-4c04-880c-39400dac22c8', NULL, NULL, '', NULL);
INSERT INTO `act_hi_procinst` VALUES ('6d223976-9538-11ed-8dba-005056c00008', '6d223976-9538-11ed-8dba-005056c00008', '1614651678951395329', 'leave:1:6bccf7a3-93b2-11ed-ac7d-005056c00008', '2023-01-16 08:55:10.002', NULL, NULL, NULL, 'sid-673fea09-66f7-4c3e-80a9-8c4af64e6544', NULL, NULL, NULL, '', NULL);
INSERT INTO `act_hi_procinst` VALUES ('79586d81-953f-11ed-9c5a-005056c00008', '79586d81-953f-11ed-9c5a-005056c00008', '1614651678951395329', 'leave:1:6bccf7a3-93b2-11ed-ac7d-005056c00008', '2023-01-16 09:45:36.967', NULL, NULL, NULL, 'sid-673fea09-66f7-4c3e-80a9-8c4af64e6544', NULL, NULL, NULL, '', NULL);
INSERT INTO `act_hi_procinst` VALUES ('995a06d9-94ec-11ed-b4cd-005056c00008', '995a06d9-94ec-11ed-b4cd-005056c00008', '1614651678951395329', 'leave:1:6bccf7a3-93b2-11ed-ac7d-005056c00008', '2023-01-15 23:52:22.443', '2023-01-16 00:23:49.438', 1886995, NULL, 'sid-673fea09-66f7-4c3e-80a9-8c4af64e6544', 'sid-6899af36-2666-4c04-880c-39400dac22c8', NULL, NULL, '', NULL);
INSERT INTO `act_hi_procinst` VALUES ('b2bad3bc-953f-11ed-9c5a-005056c00008', 'b2bad3bc-953f-11ed-9c5a-005056c00008', '1614651678951395329', 'leave:1:6bccf7a3-93b2-11ed-ac7d-005056c00008', '2023-01-16 09:47:13.242', NULL, NULL, NULL, 'sid-673fea09-66f7-4c3e-80a9-8c4af64e6544', NULL, NULL, NULL, '', NULL);
INSERT INTO `act_hi_procinst` VALUES ('e489d65e-93b7-11ed-ae9f-005056c00008', 'e489d65e-93b7-11ed-ae9f-005056c00008', '1613423848385036289', 'leave:1:6bccf7a3-93b2-11ed-ac7d-005056c00008', '2023-01-14 11:02:34.089', '2023-01-16 00:26:26.155', 134632066, NULL, 'sid-673fea09-66f7-4c3e-80a9-8c4af64e6544', 'sid-6899af36-2666-4c04-880c-39400dac22c8', NULL, NULL, '', NULL);
INSERT INTO `act_hi_procinst` VALUES ('f6f75313-9541-11ed-9c5a-005056c00008', 'f6f75313-9541-11ed-9c5a-005056c00008', '1614651678951395329', 'leave:2:b272bc83-9541-11ed-9ad2-005056c00008', '2023-01-16 10:03:26.717', '2023-01-16 10:04:18.859', 52142, NULL, 'sid-673fea09-66f7-4c3e-80a9-8c4af64e6544', 'sid-6899af36-2666-4c04-880c-39400dac22c8', NULL, NULL, '', NULL);
INSERT INTO `act_hi_procinst` VALUES ('fcf2a560-93b4-11ed-9a18-005056c00008', 'fcf2a560-93b4-11ed-9a18-005056c00008', '1613423848385036289', 'leave:1:6bccf7a3-93b2-11ed-ac7d-005056c00008', '2023-01-14 10:41:46.556', '2023-01-15 23:54:01.915', 133935359, NULL, 'sid-673fea09-66f7-4c3e-80a9-8c4af64e6544', 'sid-6899af36-2666-4c04-880c-39400dac22c8', NULL, NULL, '', NULL);

-- ----------------------------
-- Table structure for act_hi_taskinst
-- ----------------------------
DROP TABLE IF EXISTS `act_hi_taskinst`;
CREATE TABLE `act_hi_taskinst`  (
  `ID_` varchar(64) CHARACTER SET utf8mb4 COLLATE utf8mb4_bin NOT NULL,
  `PROC_DEF_ID_` varchar(64) CHARACTER SET utf8mb4 COLLATE utf8mb4_bin NULL DEFAULT NULL,
  `TASK_DEF_KEY_` varchar(255) CHARACTER SET utf8mb4 COLLATE utf8mb4_bin NULL DEFAULT NULL,
  `PROC_INST_ID_` varchar(64) CHARACTER SET utf8mb4 COLLATE utf8mb4_bin NULL DEFAULT NULL,
  `EXECUTION_ID_` varchar(64) CHARACTER SET utf8mb4 COLLATE utf8mb4_bin NULL DEFAULT NULL,
  `NAME_` varchar(255) CHARACTER SET utf8mb4 COLLATE utf8mb4_bin NULL DEFAULT NULL,
  `PARENT_TASK_ID_` varchar(64) CHARACTER SET utf8mb4 COLLATE utf8mb4_bin NULL DEFAULT NULL,
  `DESCRIPTION_` varchar(4000) CHARACTER SET utf8mb4 COLLATE utf8mb4_bin NULL DEFAULT NULL,
  `OWNER_` varchar(255) CHARACTER SET utf8mb4 COLLATE utf8mb4_bin NULL DEFAULT NULL,
  `ASSIGNEE_` varchar(255) CHARACTER SET utf8mb4 COLLATE utf8mb4_bin NULL DEFAULT NULL,
  `START_TIME_` datetime(3) NOT NULL,
  `CLAIM_TIME_` datetime(3) NULL DEFAULT NULL,
  `END_TIME_` datetime(3) NULL DEFAULT NULL,
  `DURATION_` bigint NULL DEFAULT NULL,
  `DELETE_REASON_` varchar(4000) CHARACTER SET utf8mb4 COLLATE utf8mb4_bin NULL DEFAULT NULL,
  `PRIORITY_` int NULL DEFAULT NULL,
  `DUE_DATE_` datetime(3) NULL DEFAULT NULL,
  `FORM_KEY_` varchar(255) CHARACTER SET utf8mb4 COLLATE utf8mb4_bin NULL DEFAULT NULL,
  `CATEGORY_` varchar(255) CHARACTER SET utf8mb4 COLLATE utf8mb4_bin NULL DEFAULT NULL,
  `TENANT_ID_` varchar(255) CHARACTER SET utf8mb4 COLLATE utf8mb4_bin NULL DEFAULT '',
  PRIMARY KEY (`ID_`) USING BTREE,
  INDEX `ACT_IDX_HI_TASK_INST_PROCINST`(`PROC_INST_ID_` ASC) USING BTREE
) ENGINE = InnoDB CHARACTER SET = utf8mb4 COLLATE = utf8mb4_bin ROW_FORMAT = Dynamic;

-- ----------------------------
-- Records of act_hi_taskinst
-- ----------------------------
INSERT INTO `act_hi_taskinst` VALUES ('029ae88d-9542-11ed-9c5a-005056c00008', 'leave:2:b272bc83-9541-11ed-9ad2-005056c00008', 'sid-36a6a153-ee31-4782-bfe6-0b9f02d739aa', 'f6f75313-9541-11ed-9c5a-005056c00008', 'f6f75314-9541-11ed-9c5a-005056c00008', '老板审批', NULL, NULL, NULL, 'laoban', '2023-01-16 10:03:46.245', NULL, '2023-01-16 10:04:18.855', 32610, NULL, 0, NULL, NULL, NULL, '');
INSERT INTO `act_hi_taskinst` VALUES ('238b8e8c-93b7-11ed-ae9f-005056c00008', 'leave:1:6bccf7a3-93b2-11ed-ac7d-005056c00008', 'sid-87bc6098-b9cd-431f-8489-bc2ddb149ea2', '2384d7c8-93b7-11ed-ae9f-005056c00008', '23857409-93b7-11ed-ae9f-005056c00008', '经理审批', NULL, NULL, NULL, 'jingli', '2023-01-14 10:57:10.301', NULL, '2023-01-14 16:46:37.106', 20966805, NULL, 0, NULL, NULL, NULL, '');
INSERT INTO `act_hi_taskinst` VALUES ('46ea4577-953f-11ed-9c5a-005056c00008', 'leave:1:6bccf7a3-93b2-11ed-ac7d-005056c00008', 'sid-87bc6098-b9cd-431f-8489-bc2ddb149ea2', '46e849a3-953f-11ed-9c5a-005056c00008', '46e870b4-953f-11ed-9c5a-005056c00008', '经理审批', NULL, NULL, NULL, 'jingli', '2023-01-16 09:44:12.359', NULL, '2023-01-16 09:44:38.779', 26420, NULL, 0, NULL, NULL, NULL, '');
INSERT INTO `act_hi_taskinst` VALUES ('56aa8f1d-953f-11ed-9c5a-005056c00008', 'leave:1:6bccf7a3-93b2-11ed-ac7d-005056c00008', 'sid-218abc60-7775-407a-aa35-b2dd34e3ecd1', '46e849a3-953f-11ed-9c5a-005056c00008', '46e870b4-953f-11ed-9c5a-005056c00008', '人事统计', NULL, NULL, NULL, 'renshi', '2023-01-16 09:44:38.785', NULL, '2023-01-16 09:45:21.579', 42794, NULL, 0, NULL, NULL, NULL, '');
INSERT INTO `act_hi_taskinst` VALUES ('5ee30a96-953b-11ed-b303-005056c00008', 'leave:1:6bccf7a3-93b2-11ed-ac7d-005056c00008', 'sid-87bc6098-b9cd-431f-8489-bc2ddb149ea2', '5ee02462-953b-11ed-b303-005056c00008', '5ee04b73-953b-11ed-b303-005056c00008', '经理审批', NULL, NULL, NULL, 'jingli', '2023-01-16 09:16:14.590', NULL, '2023-01-16 09:25:22.272', 547682, NULL, 0, NULL, NULL, NULL, '');
INSERT INTO `act_hi_taskinst` VALUES ('6769d96c-94f2-11ed-8dba-005056c00008', 'leave:1:6bccf7a3-93b2-11ed-ac7d-005056c00008', 'sid-87bc6098-b9cd-431f-8489-bc2ddb149ea2', '67651e78-94f2-11ed-8dba-005056c00008', '67656c99-94f2-11ed-8dba-005056c00008', '经理审批', NULL, NULL, NULL, 'jingli', '2023-01-16 00:33:55.635', NULL, '2023-01-16 00:34:21.669', 26034, NULL, 0, NULL, NULL, NULL, '');
INSERT INTO `act_hi_taskinst` VALUES ('6d22608a-9538-11ed-8dba-005056c00008', 'leave:1:6bccf7a3-93b2-11ed-ac7d-005056c00008', 'sid-87bc6098-b9cd-431f-8489-bc2ddb149ea2', '6d223976-9538-11ed-8dba-005056c00008', '6d223977-9538-11ed-8dba-005056c00008', '经理审批', NULL, NULL, NULL, 'jingli', '2023-01-16 08:55:10.003', NULL, NULL, NULL, NULL, 0, NULL, NULL, NULL, '');
INSERT INTO `act_hi_taskinst` VALUES ('76f138c2-94f2-11ed-8dba-005056c00008', 'leave:1:6bccf7a3-93b2-11ed-ac7d-005056c00008', 'sid-218abc60-7775-407a-aa35-b2dd34e3ecd1', '67651e78-94f2-11ed-8dba-005056c00008', '67656c99-94f2-11ed-8dba-005056c00008', '人事统计', NULL, NULL, NULL, 'renshi', '2023-01-16 00:34:21.687', NULL, '2023-01-16 00:36:52.852', 151165, NULL, 0, NULL, NULL, NULL, '');
INSERT INTO `act_hi_taskinst` VALUES ('79586d85-953f-11ed-9c5a-005056c00008', 'leave:1:6bccf7a3-93b2-11ed-ac7d-005056c00008', 'sid-87bc6098-b9cd-431f-8489-bc2ddb149ea2', '79586d81-953f-11ed-9c5a-005056c00008', '79586d82-953f-11ed-9c5a-005056c00008', '经理审批', NULL, NULL, NULL, 'jingli', '2023-01-16 09:45:36.967', NULL, '2023-01-16 09:46:03.983', 27016, NULL, 0, NULL, NULL, NULL, '');
INSERT INTO `act_hi_taskinst` VALUES ('8972e51b-953f-11ed-9c5a-005056c00008', 'leave:1:6bccf7a3-93b2-11ed-ac7d-005056c00008', 'sid-36a6a153-ee31-4782-bfe6-0b9f02d739aa', '79586d81-953f-11ed-9c5a-005056c00008', '79586d82-953f-11ed-9c5a-005056c00008', '老板审批', NULL, NULL, NULL, NULL, '2023-01-16 09:46:03.984', NULL, NULL, NULL, NULL, 0, NULL, NULL, NULL, '');
INSERT INTO `act_hi_taskinst` VALUES ('9960215d-94ec-11ed-b4cd-005056c00008', 'leave:1:6bccf7a3-93b2-11ed-ac7d-005056c00008', 'sid-87bc6098-b9cd-431f-8489-bc2ddb149ea2', '995a06d9-94ec-11ed-b4cd-005056c00008', '995a7c0a-94ec-11ed-b4cd-005056c00008', '经理审批', NULL, NULL, NULL, 'jingli', '2023-01-15 23:52:22.478', NULL, '2023-01-15 23:52:59.564', 37086, NULL, 0, NULL, NULL, NULL, '');
INSERT INTO `act_hi_taskinst` VALUES ('9c8455a0-93e7-11ed-a079-005056c00008', 'leave:1:6bccf7a3-93b2-11ed-ac7d-005056c00008', 'sid-218abc60-7775-407a-aa35-b2dd34e3ecd1', 'fcf2a560-93b4-11ed-9a18-005056c00008', 'fcf2f381-93b4-11ed-9a18-005056c00008', '人事统计', NULL, NULL, NULL, 'renshi', '2023-01-14 16:44:09.101', NULL, '2023-01-15 23:54:01.905', 112192804, NULL, 0, NULL, NULL, NULL, '');
INSERT INTO `act_hi_taskinst` VALUES ('a556d19c-953c-11ed-b303-005056c00008', 'leave:1:6bccf7a3-93b2-11ed-ac7d-005056c00008', 'sid-218abc60-7775-407a-aa35-b2dd34e3ecd1', '5ee02462-953b-11ed-b303-005056c00008', '5ee04b73-953b-11ed-b303-005056c00008', '人事统计', NULL, NULL, NULL, 'renshi', '2023-01-16 09:25:22.286', NULL, '2023-01-16 09:44:01.835', 1119549, NULL, 0, NULL, NULL, NULL, '');
INSERT INTO `act_hi_taskinst` VALUES ('af7c87e3-94ec-11ed-b4cd-005056c00008', 'leave:1:6bccf7a3-93b2-11ed-ac7d-005056c00008', 'sid-218abc60-7775-407a-aa35-b2dd34e3ecd1', '995a06d9-94ec-11ed-b4cd-005056c00008', '995a7c0a-94ec-11ed-b4cd-005056c00008', '人事统计', NULL, NULL, NULL, 'renshi', '2023-01-15 23:52:59.572', NULL, '2023-01-16 00:23:49.410', 1849838, NULL, 0, NULL, NULL, NULL, '');
INSERT INTO `act_hi_taskinst` VALUES ('b2bad3c0-953f-11ed-9c5a-005056c00008', 'leave:1:6bccf7a3-93b2-11ed-ac7d-005056c00008', 'sid-87bc6098-b9cd-431f-8489-bc2ddb149ea2', 'b2bad3bc-953f-11ed-9c5a-005056c00008', 'b2bad3bd-953f-11ed-9c5a-005056c00008', '经理审批', NULL, NULL, NULL, 'jingli', '2023-01-16 09:47:13.242', NULL, '2023-01-16 09:47:38.669', 25427, NULL, 0, NULL, NULL, NULL, '');
INSERT INTO `act_hi_taskinst` VALUES ('c1e3e676-953f-11ed-9c5a-005056c00008', 'leave:1:6bccf7a3-93b2-11ed-ac7d-005056c00008', 'sid-36a6a153-ee31-4782-bfe6-0b9f02d739aa', 'b2bad3bc-953f-11ed-9c5a-005056c00008', 'b2bad3bd-953f-11ed-9c5a-005056c00008', '老板审批', NULL, NULL, NULL, NULL, '2023-01-16 09:47:38.677', NULL, NULL, NULL, NULL, 0, NULL, NULL, NULL, '');
INSERT INTO `act_hi_taskinst` VALUES ('e489fd72-93b7-11ed-ae9f-005056c00008', 'leave:1:6bccf7a3-93b2-11ed-ac7d-005056c00008', 'sid-87bc6098-b9cd-431f-8489-bc2ddb149ea2', 'e489d65e-93b7-11ed-ae9f-005056c00008', 'e489d65f-93b7-11ed-ae9f-005056c00008', '经理审批', NULL, NULL, NULL, 'jingli', '2023-01-14 11:02:34.090', NULL, '2023-01-14 16:46:17.563', 20623473, NULL, 0, NULL, NULL, NULL, '');
INSERT INTO `act_hi_taskinst` VALUES ('e916fee6-93e7-11ed-a079-005056c00008', 'leave:1:6bccf7a3-93b2-11ed-ac7d-005056c00008', 'sid-218abc60-7775-407a-aa35-b2dd34e3ecd1', 'e489d65e-93b7-11ed-ae9f-005056c00008', 'e489d65f-93b7-11ed-ae9f-005056c00008', '人事统计', NULL, NULL, NULL, 'renshi', '2023-01-14 16:46:17.568', NULL, '2023-01-16 00:26:26.125', 114008557, NULL, 0, NULL, NULL, NULL, '');
INSERT INTO `act_hi_taskinst` VALUES ('f4bc902c-93e7-11ed-a079-005056c00008', 'leave:1:6bccf7a3-93b2-11ed-ac7d-005056c00008', 'sid-218abc60-7775-407a-aa35-b2dd34e3ecd1', '2384d7c8-93b7-11ed-ae9f-005056c00008', '23857409-93b7-11ed-ae9f-005056c00008', '人事统计', NULL, NULL, NULL, 'renshi', '2023-01-14 16:46:37.108', NULL, '2023-01-16 00:27:52.942', 114075834, NULL, 0, NULL, NULL, NULL, '');
INSERT INTO `act_hi_taskinst` VALUES ('f6f75317-9541-11ed-9c5a-005056c00008', 'leave:2:b272bc83-9541-11ed-9ad2-005056c00008', 'sid-87bc6098-b9cd-431f-8489-bc2ddb149ea2', 'f6f75313-9541-11ed-9c5a-005056c00008', 'f6f75314-9541-11ed-9c5a-005056c00008', '经理审批', NULL, NULL, NULL, 'jingli', '2023-01-16 10:03:26.717', NULL, '2023-01-16 10:03:46.243', 19526, NULL, 0, NULL, NULL, NULL, '');
INSERT INTO `act_hi_taskinst` VALUES ('fcf73944-93b4-11ed-9a18-005056c00008', 'leave:1:6bccf7a3-93b2-11ed-ac7d-005056c00008', 'sid-87bc6098-b9cd-431f-8489-bc2ddb149ea2', 'fcf2a560-93b4-11ed-9a18-005056c00008', 'fcf2f381-93b4-11ed-9a18-005056c00008', '经理审批', NULL, NULL, NULL, 'jingli', '2023-01-14 10:41:46.582', NULL, '2023-01-14 16:44:08.904', 21742322, NULL, 0, NULL, NULL, NULL, '');

-- ----------------------------
-- Table structure for act_hi_varinst
-- ----------------------------
DROP TABLE IF EXISTS `act_hi_varinst`;
CREATE TABLE `act_hi_varinst`  (
  `ID_` varchar(64) CHARACTER SET utf8mb4 COLLATE utf8mb4_bin NOT NULL,
  `PROC_INST_ID_` varchar(64) CHARACTER SET utf8mb4 COLLATE utf8mb4_bin NULL DEFAULT NULL,
  `EXECUTION_ID_` varchar(64) CHARACTER SET utf8mb4 COLLATE utf8mb4_bin NULL DEFAULT NULL,
  `TASK_ID_` varchar(64) CHARACTER SET utf8mb4 COLLATE utf8mb4_bin NULL DEFAULT NULL,
  `NAME_` varchar(255) CHARACTER SET utf8mb4 COLLATE utf8mb4_bin NOT NULL,
  `VAR_TYPE_` varchar(100) CHARACTER SET utf8mb4 COLLATE utf8mb4_bin NULL DEFAULT NULL,
  `REV_` int NULL DEFAULT NULL,
  `BYTEARRAY_ID_` varchar(64) CHARACTER SET utf8mb4 COLLATE utf8mb4_bin NULL DEFAULT NULL,
  `DOUBLE_` double NULL DEFAULT NULL,
  `LONG_` bigint NULL DEFAULT NULL,
  `TEXT_` varchar(4000) CHARACTER SET utf8mb4 COLLATE utf8mb4_bin NULL DEFAULT NULL,
  `TEXT2_` varchar(4000) CHARACTER SET utf8mb4 COLLATE utf8mb4_bin NULL DEFAULT NULL,
  `CREATE_TIME_` datetime(3) NULL DEFAULT NULL,
  `LAST_UPDATED_TIME_` datetime(3) NULL DEFAULT NULL,
  PRIMARY KEY (`ID_`) USING BTREE,
  INDEX `ACT_IDX_HI_PROCVAR_PROC_INST`(`PROC_INST_ID_` ASC) USING BTREE,
  INDEX `ACT_IDX_HI_PROCVAR_NAME_TYPE`(`NAME_` ASC, `VAR_TYPE_` ASC) USING BTREE,
  INDEX `ACT_IDX_HI_PROCVAR_TASK_ID`(`TASK_ID_` ASC) USING BTREE
) ENGINE = InnoDB CHARACTER SET = utf8mb4 COLLATE = utf8mb4_bin ROW_FORMAT = Dynamic;

-- ----------------------------
-- Records of act_hi_varinst
-- ----------------------------
INSERT INTO `act_hi_varinst` VALUES ('029a4c49-9542-11ed-9c5a-005056c00008', 'f6f75313-9541-11ed-9c5a-005056c00008', 'f6f75313-9541-11ed-9c5a-005056c00008', NULL, 'flag', 'string', 1, NULL, NULL, NULL, '1', NULL, '2023-01-16 10:03:46.240', '2023-01-16 10:04:18.854');
INSERT INTO `act_hi_varinst` VALUES ('56a92f89-953f-11ed-9c5a-005056c00008', '46e849a3-953f-11ed-9c5a-005056c00008', '46e849a3-953f-11ed-9c5a-005056c00008', NULL, 'flag', 'string', 1, NULL, NULL, NULL, '1', NULL, '2023-01-16 09:44:38.776', '2023-01-16 09:45:21.578');
INSERT INTO `act_hi_varinst` VALUES ('76ed1a0e-94f2-11ed-8dba-005056c00008', '67651e78-94f2-11ed-8dba-005056c00008', '67651e78-94f2-11ed-8dba-005056c00008', NULL, 'flag', 'string', 1, NULL, NULL, NULL, '1', NULL, '2023-01-16 00:34:21.660', '2023-01-16 00:36:52.848');
INSERT INTO `act_hi_varinst` VALUES ('89726fe7-953f-11ed-9c5a-005056c00008', '79586d81-953f-11ed-9c5a-005056c00008', '79586d81-953f-11ed-9c5a-005056c00008', NULL, 'flag', 'string', 0, NULL, NULL, NULL, '0', NULL, '2023-01-16 09:46:03.981', '2023-01-16 09:46:03.981');
INSERT INTO `act_hi_varinst` VALUES ('9c5e08ec-93e7-11ed-a079-005056c00008', 'fcf2a560-93b4-11ed-9a18-005056c00008', 'fcf2a560-93b4-11ed-9a18-005056c00008', NULL, 'flag', 'string', 1, NULL, NULL, NULL, '1', NULL, '2023-01-14 16:44:08.857', '2023-01-15 23:54:01.902');
INSERT INTO `act_hi_varinst` VALUES ('a5530108-953c-11ed-b303-005056c00008', '5ee02462-953b-11ed-b303-005056c00008', '5ee02462-953b-11ed-b303-005056c00008', NULL, 'flag', 'string', 1, NULL, NULL, NULL, '1', NULL, '2023-01-16 09:25:22.261', '2023-01-16 09:44:01.830');
INSERT INTO `act_hi_varinst` VALUES ('af7a16df-94ec-11ed-b4cd-005056c00008', '995a06d9-94ec-11ed-b4cd-005056c00008', '995a06d9-94ec-11ed-b4cd-005056c00008', NULL, 'flag', 'string', 1, NULL, NULL, NULL, '1', NULL, '2023-01-15 23:52:59.556', '2023-01-16 00:23:49.396');
INSERT INTO `act_hi_varinst` VALUES ('c1e08b12-953f-11ed-9c5a-005056c00008', 'b2bad3bc-953f-11ed-9c5a-005056c00008', 'b2bad3bc-953f-11ed-9c5a-005056c00008', NULL, 'flag', 'string', 0, NULL, NULL, NULL, '0', NULL, '2023-01-16 09:47:38.655', '2023-01-16 09:47:38.655');
INSERT INTO `act_hi_varinst` VALUES ('e9159f52-93e7-11ed-a079-005056c00008', 'e489d65e-93b7-11ed-ae9f-005056c00008', 'e489d65e-93b7-11ed-ae9f-005056c00008', NULL, 'flag', 'string', 1, NULL, NULL, NULL, '1', NULL, '2023-01-14 16:46:17.559', '2023-01-16 00:26:26.119');
INSERT INTO `act_hi_varinst` VALUES ('f4bbccd8-93e7-11ed-a079-005056c00008', '2384d7c8-93b7-11ed-ae9f-005056c00008', '2384d7c8-93b7-11ed-ae9f-005056c00008', NULL, 'flag', 'string', 1, NULL, NULL, NULL, '1', NULL, '2023-01-14 16:46:37.103', '2023-01-16 00:27:52.932');

-- ----------------------------
-- Table structure for act_procdef_info
-- ----------------------------
DROP TABLE IF EXISTS `act_procdef_info`;
CREATE TABLE `act_procdef_info`  (
  `ID_` varchar(64) CHARACTER SET utf8mb4 COLLATE utf8mb4_bin NOT NULL,
  `PROC_DEF_ID_` varchar(64) CHARACTER SET utf8mb4 COLLATE utf8mb4_bin NOT NULL,
  `REV_` int NULL DEFAULT NULL,
  `INFO_JSON_ID_` varchar(64) CHARACTER SET utf8mb4 COLLATE utf8mb4_bin NULL DEFAULT NULL,
  PRIMARY KEY (`ID_`) USING BTREE,
  UNIQUE INDEX `ACT_UNIQ_INFO_PROCDEF`(`PROC_DEF_ID_` ASC) USING BTREE,
  INDEX `ACT_IDX_INFO_PROCDEF`(`PROC_DEF_ID_` ASC) USING BTREE,
  INDEX `ACT_FK_INFO_JSON_BA`(`INFO_JSON_ID_` ASC) USING BTREE,
  CONSTRAINT `ACT_FK_INFO_JSON_BA` FOREIGN KEY (`INFO_JSON_ID_`) REFERENCES `act_ge_bytearray` (`ID_`) ON DELETE RESTRICT ON UPDATE RESTRICT,
  CONSTRAINT `ACT_FK_INFO_PROCDEF` FOREIGN KEY (`PROC_DEF_ID_`) REFERENCES `act_re_procdef` (`ID_`) ON DELETE RESTRICT ON UPDATE RESTRICT
) ENGINE = InnoDB CHARACTER SET = utf8mb4 COLLATE = utf8mb4_bin ROW_FORMAT = Dynamic;

-- ----------------------------
-- Records of act_procdef_info
-- ----------------------------

-- ----------------------------
-- Table structure for act_re_deployment
-- ----------------------------
DROP TABLE IF EXISTS `act_re_deployment`;
CREATE TABLE `act_re_deployment`  (
  `ID_` varchar(64) CHARACTER SET utf8mb4 COLLATE utf8mb4_bin NOT NULL,
  `NAME_` varchar(255) CHARACTER SET utf8mb4 COLLATE utf8mb4_bin NULL DEFAULT NULL,
  `CATEGORY_` varchar(255) CHARACTER SET utf8mb4 COLLATE utf8mb4_bin NULL DEFAULT NULL,
  `KEY_` varchar(255) CHARACTER SET utf8mb4 COLLATE utf8mb4_bin NULL DEFAULT NULL,
  `TENANT_ID_` varchar(255) CHARACTER SET utf8mb4 COLLATE utf8mb4_bin NULL DEFAULT '',
  `DEPLOY_TIME_` timestamp(3) NULL DEFAULT NULL,
  `ENGINE_VERSION_` varchar(255) CHARACTER SET utf8mb4 COLLATE utf8mb4_bin NULL DEFAULT NULL,
  `VERSION_` int NULL DEFAULT 1,
  `PROJECT_RELEASE_VERSION_` varchar(255) CHARACTER SET utf8mb4 COLLATE utf8mb4_bin NULL DEFAULT NULL,
  PRIMARY KEY (`ID_`) USING BTREE
) ENGINE = InnoDB CHARACTER SET = utf8mb4 COLLATE = utf8mb4_bin ROW_FORMAT = Dynamic;

-- ----------------------------
-- Records of act_re_deployment
-- ----------------------------
INSERT INTO `act_re_deployment` VALUES ('6bbe9fc1-93b2-11ed-ac7d-005056c00008', 'leave', NULL, 'leave', '', '2023-01-14 10:23:23.947', NULL, 1, NULL);
INSERT INTO `act_re_deployment` VALUES ('b268d171-9541-11ed-9ad2-005056c00008', 'leave', NULL, 'leave', '', '2023-01-16 10:01:31.698', NULL, 1, NULL);

-- ----------------------------
-- Table structure for act_re_model
-- ----------------------------
DROP TABLE IF EXISTS `act_re_model`;
CREATE TABLE `act_re_model`  (
  `ID_` varchar(64) CHARACTER SET utf8mb4 COLLATE utf8mb4_bin NOT NULL,
  `REV_` int NULL DEFAULT NULL,
  `NAME_` varchar(255) CHARACTER SET utf8mb4 COLLATE utf8mb4_bin NULL DEFAULT NULL,
  `KEY_` varchar(255) CHARACTER SET utf8mb4 COLLATE utf8mb4_bin NULL DEFAULT NULL,
  `CATEGORY_` varchar(255) CHARACTER SET utf8mb4 COLLATE utf8mb4_bin NULL DEFAULT NULL,
  `CREATE_TIME_` timestamp(3) NULL DEFAULT NULL,
  `LAST_UPDATE_TIME_` timestamp(3) NULL DEFAULT NULL,
  `VERSION_` int NULL DEFAULT NULL,
  `META_INFO_` varchar(4000) CHARACTER SET utf8mb4 COLLATE utf8mb4_bin NULL DEFAULT NULL,
  `DEPLOYMENT_ID_` varchar(64) CHARACTER SET utf8mb4 COLLATE utf8mb4_bin NULL DEFAULT NULL,
  `EDITOR_SOURCE_VALUE_ID_` varchar(64) CHARACTER SET utf8mb4 COLLATE utf8mb4_bin NULL DEFAULT NULL,
  `EDITOR_SOURCE_EXTRA_VALUE_ID_` varchar(64) CHARACTER SET utf8mb4 COLLATE utf8mb4_bin NULL DEFAULT NULL,
  `TENANT_ID_` varchar(255) CHARACTER SET utf8mb4 COLLATE utf8mb4_bin NULL DEFAULT '',
  PRIMARY KEY (`ID_`) USING BTREE,
  INDEX `ACT_FK_MODEL_SOURCE`(`EDITOR_SOURCE_VALUE_ID_` ASC) USING BTREE,
  INDEX `ACT_FK_MODEL_SOURCE_EXTRA`(`EDITOR_SOURCE_EXTRA_VALUE_ID_` ASC) USING BTREE,
  INDEX `ACT_FK_MODEL_DEPLOYMENT`(`DEPLOYMENT_ID_` ASC) USING BTREE,
  CONSTRAINT `ACT_FK_MODEL_DEPLOYMENT` FOREIGN KEY (`DEPLOYMENT_ID_`) REFERENCES `act_re_deployment` (`ID_`) ON DELETE RESTRICT ON UPDATE RESTRICT,
  CONSTRAINT `ACT_FK_MODEL_SOURCE` FOREIGN KEY (`EDITOR_SOURCE_VALUE_ID_`) REFERENCES `act_ge_bytearray` (`ID_`) ON DELETE RESTRICT ON UPDATE RESTRICT,
  CONSTRAINT `ACT_FK_MODEL_SOURCE_EXTRA` FOREIGN KEY (`EDITOR_SOURCE_EXTRA_VALUE_ID_`) REFERENCES `act_ge_bytearray` (`ID_`) ON DELETE RESTRICT ON UPDATE RESTRICT
) ENGINE = InnoDB CHARACTER SET = utf8mb4 COLLATE = utf8mb4_bin ROW_FORMAT = Dynamic;

-- ----------------------------
-- Records of act_re_model
-- ----------------------------
INSERT INTO `act_re_model` VALUES ('e9671a57-a5e7-11ed-a085-005056c00008', 2, '测试两下', 'test', NULL, '2023-02-06 14:31:39.023', '2023-02-06 14:31:39.026', 1, '{\"name\":\"测试两下\",\"revision\":1,\"description\":\"123\"}', NULL, 'e9678f88-a5e7-11ed-a085-005056c00008', NULL, '');

-- ----------------------------
-- Table structure for act_re_procdef
-- ----------------------------
DROP TABLE IF EXISTS `act_re_procdef`;
CREATE TABLE `act_re_procdef`  (
  `ID_` varchar(64) CHARACTER SET utf8mb4 COLLATE utf8mb4_bin NOT NULL,
  `REV_` int NULL DEFAULT NULL,
  `CATEGORY_` varchar(255) CHARACTER SET utf8mb4 COLLATE utf8mb4_bin NULL DEFAULT NULL,
  `NAME_` varchar(255) CHARACTER SET utf8mb4 COLLATE utf8mb4_bin NULL DEFAULT NULL,
  `KEY_` varchar(255) CHARACTER SET utf8mb4 COLLATE utf8mb4_bin NOT NULL,
  `VERSION_` int NOT NULL,
  `DEPLOYMENT_ID_` varchar(64) CHARACTER SET utf8mb4 COLLATE utf8mb4_bin NULL DEFAULT NULL,
  `RESOURCE_NAME_` varchar(4000) CHARACTER SET utf8mb4 COLLATE utf8mb4_bin NULL DEFAULT NULL,
  `DGRM_RESOURCE_NAME_` varchar(4000) CHARACTER SET utf8mb4 COLLATE utf8mb4_bin NULL DEFAULT NULL,
  `DESCRIPTION_` varchar(4000) CHARACTER SET utf8mb4 COLLATE utf8mb4_bin NULL DEFAULT NULL,
  `HAS_START_FORM_KEY_` tinyint NULL DEFAULT NULL,
  `HAS_GRAPHICAL_NOTATION_` tinyint NULL DEFAULT NULL,
  `SUSPENSION_STATE_` int NULL DEFAULT NULL,
  `TENANT_ID_` varchar(255) CHARACTER SET utf8mb4 COLLATE utf8mb4_bin NULL DEFAULT '',
  `ENGINE_VERSION_` varchar(255) CHARACTER SET utf8mb4 COLLATE utf8mb4_bin NULL DEFAULT NULL,
  `APP_VERSION_` int NULL DEFAULT NULL,
  PRIMARY KEY (`ID_`) USING BTREE,
  UNIQUE INDEX `ACT_UNIQ_PROCDEF`(`KEY_` ASC, `VERSION_` ASC, `TENANT_ID_` ASC) USING BTREE
) ENGINE = InnoDB CHARACTER SET = utf8mb4 COLLATE = utf8mb4_bin ROW_FORMAT = Dynamic;

-- ----------------------------
-- Records of act_re_procdef
-- ----------------------------
INSERT INTO `act_re_procdef` VALUES ('leave:1:6bccf7a3-93b2-11ed-ac7d-005056c00008', 1, 'http://www.activiti.org/processdef', 'leave', 'leave', 1, '6bbe9fc1-93b2-11ed-ac7d-005056c00008', 'leave.bpmn20.xml', NULL, NULL, 0, 1, 1, '', NULL, NULL);
INSERT INTO `act_re_procdef` VALUES ('leave:2:b272bc83-9541-11ed-9ad2-005056c00008', 1, 'http://www.activiti.org/processdef', 'leave', 'leave', 2, 'b268d171-9541-11ed-9ad2-005056c00008', 'leave.bpmn20.xml', NULL, NULL, 0, 1, 1, '', NULL, NULL);

-- ----------------------------
-- Table structure for act_ru_deadletter_job
-- ----------------------------
DROP TABLE IF EXISTS `act_ru_deadletter_job`;
CREATE TABLE `act_ru_deadletter_job`  (
  `ID_` varchar(64) CHARACTER SET utf8mb4 COLLATE utf8mb4_bin NOT NULL,
  `REV_` int NULL DEFAULT NULL,
  `TYPE_` varchar(255) CHARACTER SET utf8mb4 COLLATE utf8mb4_bin NOT NULL,
  `EXCLUSIVE_` tinyint(1) NULL DEFAULT NULL,
  `EXECUTION_ID_` varchar(64) CHARACTER SET utf8mb4 COLLATE utf8mb4_bin NULL DEFAULT NULL,
  `PROCESS_INSTANCE_ID_` varchar(64) CHARACTER SET utf8mb4 COLLATE utf8mb4_bin NULL DEFAULT NULL,
  `PROC_DEF_ID_` varchar(64) CHARACTER SET utf8mb4 COLLATE utf8mb4_bin NULL DEFAULT NULL,
  `EXCEPTION_STACK_ID_` varchar(64) CHARACTER SET utf8mb4 COLLATE utf8mb4_bin NULL DEFAULT NULL,
  `EXCEPTION_MSG_` varchar(4000) CHARACTER SET utf8mb4 COLLATE utf8mb4_bin NULL DEFAULT NULL,
  `DUEDATE_` timestamp(3) NULL DEFAULT NULL,
  `REPEAT_` varchar(255) CHARACTER SET utf8mb4 COLLATE utf8mb4_bin NULL DEFAULT NULL,
  `HANDLER_TYPE_` varchar(255) CHARACTER SET utf8mb4 COLLATE utf8mb4_bin NULL DEFAULT NULL,
  `HANDLER_CFG_` varchar(4000) CHARACTER SET utf8mb4 COLLATE utf8mb4_bin NULL DEFAULT NULL,
  `TENANT_ID_` varchar(255) CHARACTER SET utf8mb4 COLLATE utf8mb4_bin NULL DEFAULT '',
  PRIMARY KEY (`ID_`) USING BTREE,
  INDEX `ACT_FK_DEADLETTER_JOB_EXECUTION`(`EXECUTION_ID_` ASC) USING BTREE,
  INDEX `ACT_FK_DEADLETTER_JOB_PROCESS_INSTANCE`(`PROCESS_INSTANCE_ID_` ASC) USING BTREE,
  INDEX `ACT_FK_DEADLETTER_JOB_PROC_DEF`(`PROC_DEF_ID_` ASC) USING BTREE,
  INDEX `ACT_FK_DEADLETTER_JOB_EXCEPTION`(`EXCEPTION_STACK_ID_` ASC) USING BTREE,
  CONSTRAINT `ACT_FK_DEADLETTER_JOB_EXCEPTION` FOREIGN KEY (`EXCEPTION_STACK_ID_`) REFERENCES `act_ge_bytearray` (`ID_`) ON DELETE RESTRICT ON UPDATE RESTRICT,
  CONSTRAINT `ACT_FK_DEADLETTER_JOB_EXECUTION` FOREIGN KEY (`EXECUTION_ID_`) REFERENCES `act_ru_execution` (`ID_`) ON DELETE RESTRICT ON UPDATE RESTRICT,
  CONSTRAINT `ACT_FK_DEADLETTER_JOB_PROC_DEF` FOREIGN KEY (`PROC_DEF_ID_`) REFERENCES `act_re_procdef` (`ID_`) ON DELETE RESTRICT ON UPDATE RESTRICT,
  CONSTRAINT `ACT_FK_DEADLETTER_JOB_PROCESS_INSTANCE` FOREIGN KEY (`PROCESS_INSTANCE_ID_`) REFERENCES `act_ru_execution` (`ID_`) ON DELETE RESTRICT ON UPDATE RESTRICT
) ENGINE = InnoDB CHARACTER SET = utf8mb4 COLLATE = utf8mb4_bin ROW_FORMAT = Dynamic;

-- ----------------------------
-- Records of act_ru_deadletter_job
-- ----------------------------

-- ----------------------------
-- Table structure for act_ru_event_subscr
-- ----------------------------
DROP TABLE IF EXISTS `act_ru_event_subscr`;
CREATE TABLE `act_ru_event_subscr`  (
  `ID_` varchar(64) CHARACTER SET utf8mb4 COLLATE utf8mb4_bin NOT NULL,
  `REV_` int NULL DEFAULT NULL,
  `EVENT_TYPE_` varchar(255) CHARACTER SET utf8mb4 COLLATE utf8mb4_bin NOT NULL,
  `EVENT_NAME_` varchar(255) CHARACTER SET utf8mb4 COLLATE utf8mb4_bin NULL DEFAULT NULL,
  `EXECUTION_ID_` varchar(64) CHARACTER SET utf8mb4 COLLATE utf8mb4_bin NULL DEFAULT NULL,
  `PROC_INST_ID_` varchar(64) CHARACTER SET utf8mb4 COLLATE utf8mb4_bin NULL DEFAULT NULL,
  `ACTIVITY_ID_` varchar(64) CHARACTER SET utf8mb4 COLLATE utf8mb4_bin NULL DEFAULT NULL,
  `CONFIGURATION_` varchar(255) CHARACTER SET utf8mb4 COLLATE utf8mb4_bin NULL DEFAULT NULL,
  `CREATED_` timestamp(3) NOT NULL DEFAULT CURRENT_TIMESTAMP(3),
  `PROC_DEF_ID_` varchar(64) CHARACTER SET utf8mb4 COLLATE utf8mb4_bin NULL DEFAULT NULL,
  `TENANT_ID_` varchar(255) CHARACTER SET utf8mb4 COLLATE utf8mb4_bin NULL DEFAULT '',
  PRIMARY KEY (`ID_`) USING BTREE,
  INDEX `ACT_IDX_EVENT_SUBSCR_CONFIG_`(`CONFIGURATION_` ASC) USING BTREE,
  INDEX `ACT_FK_EVENT_EXEC`(`EXECUTION_ID_` ASC) USING BTREE,
  CONSTRAINT `ACT_FK_EVENT_EXEC` FOREIGN KEY (`EXECUTION_ID_`) REFERENCES `act_ru_execution` (`ID_`) ON DELETE RESTRICT ON UPDATE RESTRICT
) ENGINE = InnoDB CHARACTER SET = utf8mb4 COLLATE = utf8mb4_bin ROW_FORMAT = Dynamic;

-- ----------------------------
-- Records of act_ru_event_subscr
-- ----------------------------

-- ----------------------------
-- Table structure for act_ru_execution
-- ----------------------------
DROP TABLE IF EXISTS `act_ru_execution`;
CREATE TABLE `act_ru_execution`  (
  `ID_` varchar(64) CHARACTER SET utf8mb4 COLLATE utf8mb4_bin NOT NULL,
  `REV_` int NULL DEFAULT NULL,
  `PROC_INST_ID_` varchar(64) CHARACTER SET utf8mb4 COLLATE utf8mb4_bin NULL DEFAULT NULL,
  `BUSINESS_KEY_` varchar(255) CHARACTER SET utf8mb4 COLLATE utf8mb4_bin NULL DEFAULT NULL,
  `PARENT_ID_` varchar(64) CHARACTER SET utf8mb4 COLLATE utf8mb4_bin NULL DEFAULT NULL,
  `PROC_DEF_ID_` varchar(64) CHARACTER SET utf8mb4 COLLATE utf8mb4_bin NULL DEFAULT NULL,
  `SUPER_EXEC_` varchar(64) CHARACTER SET utf8mb4 COLLATE utf8mb4_bin NULL DEFAULT NULL,
  `ROOT_PROC_INST_ID_` varchar(64) CHARACTER SET utf8mb4 COLLATE utf8mb4_bin NULL DEFAULT NULL,
  `ACT_ID_` varchar(255) CHARACTER SET utf8mb4 COLLATE utf8mb4_bin NULL DEFAULT NULL,
  `IS_ACTIVE_` tinyint NULL DEFAULT NULL,
  `IS_CONCURRENT_` tinyint NULL DEFAULT NULL,
  `IS_SCOPE_` tinyint NULL DEFAULT NULL,
  `IS_EVENT_SCOPE_` tinyint NULL DEFAULT NULL,
  `IS_MI_ROOT_` tinyint NULL DEFAULT NULL,
  `SUSPENSION_STATE_` int NULL DEFAULT NULL,
  `CACHED_ENT_STATE_` int NULL DEFAULT NULL,
  `TENANT_ID_` varchar(255) CHARACTER SET utf8mb4 COLLATE utf8mb4_bin NULL DEFAULT '',
  `NAME_` varchar(255) CHARACTER SET utf8mb4 COLLATE utf8mb4_bin NULL DEFAULT NULL,
  `START_TIME_` datetime(3) NULL DEFAULT NULL,
  `START_USER_ID_` varchar(255) CHARACTER SET utf8mb4 COLLATE utf8mb4_bin NULL DEFAULT NULL,
  `LOCK_TIME_` timestamp(3) NULL DEFAULT NULL,
  `IS_COUNT_ENABLED_` tinyint NULL DEFAULT NULL,
  `EVT_SUBSCR_COUNT_` int NULL DEFAULT NULL,
  `TASK_COUNT_` int NULL DEFAULT NULL,
  `JOB_COUNT_` int NULL DEFAULT NULL,
  `TIMER_JOB_COUNT_` int NULL DEFAULT NULL,
  `SUSP_JOB_COUNT_` int NULL DEFAULT NULL,
  `DEADLETTER_JOB_COUNT_` int NULL DEFAULT NULL,
  `VAR_COUNT_` int NULL DEFAULT NULL,
  `ID_LINK_COUNT_` int NULL DEFAULT NULL,
  `APP_VERSION_` int NULL DEFAULT NULL,
  PRIMARY KEY (`ID_`) USING BTREE,
  INDEX `ACT_IDX_EXEC_BUSKEY`(`BUSINESS_KEY_` ASC) USING BTREE,
  INDEX `ACT_IDC_EXEC_ROOT`(`ROOT_PROC_INST_ID_` ASC) USING BTREE,
  INDEX `ACT_FK_EXE_PROCINST`(`PROC_INST_ID_` ASC) USING BTREE,
  INDEX `ACT_FK_EXE_PARENT`(`PARENT_ID_` ASC) USING BTREE,
  INDEX `ACT_FK_EXE_SUPER`(`SUPER_EXEC_` ASC) USING BTREE,
  INDEX `ACT_FK_EXE_PROCDEF`(`PROC_DEF_ID_` ASC) USING BTREE,
  CONSTRAINT `ACT_FK_EXE_PARENT` FOREIGN KEY (`PARENT_ID_`) REFERENCES `act_ru_execution` (`ID_`) ON DELETE CASCADE ON UPDATE RESTRICT,
  CONSTRAINT `ACT_FK_EXE_PROCDEF` FOREIGN KEY (`PROC_DEF_ID_`) REFERENCES `act_re_procdef` (`ID_`) ON DELETE RESTRICT ON UPDATE RESTRICT,
  CONSTRAINT `ACT_FK_EXE_PROCINST` FOREIGN KEY (`PROC_INST_ID_`) REFERENCES `act_ru_execution` (`ID_`) ON DELETE CASCADE ON UPDATE CASCADE,
  CONSTRAINT `ACT_FK_EXE_SUPER` FOREIGN KEY (`SUPER_EXEC_`) REFERENCES `act_ru_execution` (`ID_`) ON DELETE CASCADE ON UPDATE RESTRICT
) ENGINE = InnoDB CHARACTER SET = utf8mb4 COLLATE = utf8mb4_bin ROW_FORMAT = Dynamic;

-- ----------------------------
-- Records of act_ru_execution
-- ----------------------------
INSERT INTO `act_ru_execution` VALUES ('600c211e-93b3-11ed-84b9-005056c00008', 1, '600c211e-93b3-11ed-84b9-005056c00008', '1613423848385036289', NULL, 'leave:1:6bccf7a3-93b2-11ed-ac7d-005056c00008', NULL, '600c211e-93b3-11ed-84b9-005056c00008', NULL, 1, 0, 1, 0, 0, 1, NULL, '', NULL, '2023-01-14 10:30:13.828', NULL, NULL, 0, 0, 0, 0, 0, 0, 0, 0, 0, NULL);
INSERT INTO `act_ru_execution` VALUES ('600cbd5f-93b3-11ed-84b9-005056c00008', 1, '600c211e-93b3-11ed-84b9-005056c00008', NULL, '600c211e-93b3-11ed-84b9-005056c00008', 'leave:1:6bccf7a3-93b2-11ed-ac7d-005056c00008', NULL, '600c211e-93b3-11ed-84b9-005056c00008', 'sid-87bc6098-b9cd-431f-8489-bc2ddb149ea2', 1, 0, 0, 0, 0, 1, NULL, '', NULL, '2023-01-14 10:30:13.823', NULL, NULL, 0, 0, 0, 0, 0, 0, 0, 0, 0, NULL);
INSERT INTO `act_ru_execution` VALUES ('6d223976-9538-11ed-8dba-005056c00008', 1, '6d223976-9538-11ed-8dba-005056c00008', '1614651678951395329', NULL, 'leave:1:6bccf7a3-93b2-11ed-ac7d-005056c00008', NULL, '6d223976-9538-11ed-8dba-005056c00008', NULL, 1, 0, 1, 0, 0, 1, NULL, '', NULL, '2023-01-16 08:55:10.002', NULL, NULL, 0, 0, 0, 0, 0, 0, 0, 0, 0, NULL);
INSERT INTO `act_ru_execution` VALUES ('6d223977-9538-11ed-8dba-005056c00008', 1, '6d223976-9538-11ed-8dba-005056c00008', NULL, '6d223976-9538-11ed-8dba-005056c00008', 'leave:1:6bccf7a3-93b2-11ed-ac7d-005056c00008', NULL, '6d223976-9538-11ed-8dba-005056c00008', 'sid-87bc6098-b9cd-431f-8489-bc2ddb149ea2', 1, 0, 0, 0, 0, 1, NULL, '', NULL, '2023-01-16 08:55:10.002', NULL, NULL, 0, 0, 0, 0, 0, 0, 0, 0, 0, NULL);
INSERT INTO `act_ru_execution` VALUES ('79586d81-953f-11ed-9c5a-005056c00008', 1, '79586d81-953f-11ed-9c5a-005056c00008', '1614651678951395329', NULL, 'leave:1:6bccf7a3-93b2-11ed-ac7d-005056c00008', NULL, '79586d81-953f-11ed-9c5a-005056c00008', NULL, 1, 0, 1, 0, 0, 1, NULL, '', NULL, '2023-01-16 09:45:36.967', NULL, NULL, 0, 0, 0, 0, 0, 0, 0, 0, 0, NULL);
INSERT INTO `act_ru_execution` VALUES ('79586d82-953f-11ed-9c5a-005056c00008', 2, '79586d81-953f-11ed-9c5a-005056c00008', NULL, '79586d81-953f-11ed-9c5a-005056c00008', 'leave:1:6bccf7a3-93b2-11ed-ac7d-005056c00008', NULL, '79586d81-953f-11ed-9c5a-005056c00008', 'sid-36a6a153-ee31-4782-bfe6-0b9f02d739aa', 1, 0, 0, 0, 0, 1, NULL, '', NULL, '2023-01-16 09:45:36.967', NULL, NULL, 0, 0, 0, 0, 0, 0, 0, 0, 0, NULL);
INSERT INTO `act_ru_execution` VALUES ('b2bad3bc-953f-11ed-9c5a-005056c00008', 1, 'b2bad3bc-953f-11ed-9c5a-005056c00008', '1614651678951395329', NULL, 'leave:1:6bccf7a3-93b2-11ed-ac7d-005056c00008', NULL, 'b2bad3bc-953f-11ed-9c5a-005056c00008', NULL, 1, 0, 1, 0, 0, 1, NULL, '', NULL, '2023-01-16 09:47:13.242', NULL, NULL, 0, 0, 0, 0, 0, 0, 0, 0, 0, NULL);
INSERT INTO `act_ru_execution` VALUES ('b2bad3bd-953f-11ed-9c5a-005056c00008', 2, 'b2bad3bc-953f-11ed-9c5a-005056c00008', NULL, 'b2bad3bc-953f-11ed-9c5a-005056c00008', 'leave:1:6bccf7a3-93b2-11ed-ac7d-005056c00008', NULL, 'b2bad3bc-953f-11ed-9c5a-005056c00008', 'sid-36a6a153-ee31-4782-bfe6-0b9f02d739aa', 1, 0, 0, 0, 0, 1, NULL, '', NULL, '2023-01-16 09:47:13.242', NULL, NULL, 0, 0, 0, 0, 0, 0, 0, 0, 0, NULL);

-- ----------------------------
-- Table structure for act_ru_identitylink
-- ----------------------------
DROP TABLE IF EXISTS `act_ru_identitylink`;
CREATE TABLE `act_ru_identitylink`  (
  `ID_` varchar(64) CHARACTER SET utf8mb4 COLLATE utf8mb4_bin NOT NULL,
  `REV_` int NULL DEFAULT NULL,
  `GROUP_ID_` varchar(255) CHARACTER SET utf8mb4 COLLATE utf8mb4_bin NULL DEFAULT NULL,
  `TYPE_` varchar(255) CHARACTER SET utf8mb4 COLLATE utf8mb4_bin NULL DEFAULT NULL,
  `USER_ID_` varchar(255) CHARACTER SET utf8mb4 COLLATE utf8mb4_bin NULL DEFAULT NULL,
  `TASK_ID_` varchar(64) CHARACTER SET utf8mb4 COLLATE utf8mb4_bin NULL DEFAULT NULL,
  `PROC_INST_ID_` varchar(64) CHARACTER SET utf8mb4 COLLATE utf8mb4_bin NULL DEFAULT NULL,
  `PROC_DEF_ID_` varchar(64) CHARACTER SET utf8mb4 COLLATE utf8mb4_bin NULL DEFAULT NULL,
  PRIMARY KEY (`ID_`) USING BTREE,
  INDEX `ACT_IDX_IDENT_LNK_USER`(`USER_ID_` ASC) USING BTREE,
  INDEX `ACT_IDX_IDENT_LNK_GROUP`(`GROUP_ID_` ASC) USING BTREE,
  INDEX `ACT_IDX_ATHRZ_PROCEDEF`(`PROC_DEF_ID_` ASC) USING BTREE,
  INDEX `ACT_FK_TSKASS_TASK`(`TASK_ID_` ASC) USING BTREE,
  INDEX `ACT_FK_IDL_PROCINST`(`PROC_INST_ID_` ASC) USING BTREE,
  CONSTRAINT `ACT_FK_ATHRZ_PROCEDEF` FOREIGN KEY (`PROC_DEF_ID_`) REFERENCES `act_re_procdef` (`ID_`) ON DELETE RESTRICT ON UPDATE RESTRICT,
  CONSTRAINT `ACT_FK_IDL_PROCINST` FOREIGN KEY (`PROC_INST_ID_`) REFERENCES `act_ru_execution` (`ID_`) ON DELETE RESTRICT ON UPDATE RESTRICT,
  CONSTRAINT `ACT_FK_TSKASS_TASK` FOREIGN KEY (`TASK_ID_`) REFERENCES `act_ru_task` (`ID_`) ON DELETE RESTRICT ON UPDATE RESTRICT
) ENGINE = InnoDB CHARACTER SET = utf8mb4 COLLATE = utf8mb4_bin ROW_FORMAT = Dynamic;

-- ----------------------------
-- Records of act_ru_identitylink
-- ----------------------------
INSERT INTO `act_ru_identitylink` VALUES ('60117851-93b3-11ed-84b9-005056c00008', 1, NULL, 'participant', 'jingli', NULL, '600c211e-93b3-11ed-84b9-005056c00008', NULL);
INSERT INTO `act_ru_identitylink` VALUES ('6d22608b-9538-11ed-8dba-005056c00008', 1, NULL, 'participant', 'jingli', NULL, '6d223976-9538-11ed-8dba-005056c00008', NULL);
INSERT INTO `act_ru_identitylink` VALUES ('79586d86-953f-11ed-9c5a-005056c00008', 1, NULL, 'participant', 'jingli', NULL, '79586d81-953f-11ed-9c5a-005056c00008', NULL);
INSERT INTO `act_ru_identitylink` VALUES ('b2bad3c1-953f-11ed-9c5a-005056c00008', 1, NULL, 'participant', 'jingli', NULL, 'b2bad3bc-953f-11ed-9c5a-005056c00008', NULL);

-- ----------------------------
-- Table structure for act_ru_integration
-- ----------------------------
DROP TABLE IF EXISTS `act_ru_integration`;
CREATE TABLE `act_ru_integration`  (
  `ID_` varchar(64) CHARACTER SET utf8mb4 COLLATE utf8mb4_bin NOT NULL,
  `EXECUTION_ID_` varchar(64) CHARACTER SET utf8mb4 COLLATE utf8mb4_bin NULL DEFAULT NULL,
  `PROCESS_INSTANCE_ID_` varchar(64) CHARACTER SET utf8mb4 COLLATE utf8mb4_bin NULL DEFAULT NULL,
  `PROC_DEF_ID_` varchar(64) CHARACTER SET utf8mb4 COLLATE utf8mb4_bin NULL DEFAULT NULL,
  `FLOW_NODE_ID_` varchar(64) CHARACTER SET utf8mb4 COLLATE utf8mb4_bin NULL DEFAULT NULL,
  `CREATED_DATE_` timestamp(3) NULL DEFAULT NULL,
  PRIMARY KEY (`ID_`) USING BTREE,
  INDEX `ACT_FK_INT_EXECUTION`(`EXECUTION_ID_` ASC) USING BTREE,
  INDEX `ACT_FK_INT_PROC_INST`(`PROCESS_INSTANCE_ID_` ASC) USING BTREE,
  INDEX `ACT_FK_INT_PROC_DEF`(`PROC_DEF_ID_` ASC) USING BTREE,
  CONSTRAINT `ACT_FK_INT_EXECUTION` FOREIGN KEY (`EXECUTION_ID_`) REFERENCES `act_ru_execution` (`ID_`) ON DELETE CASCADE ON UPDATE RESTRICT,
  CONSTRAINT `ACT_FK_INT_PROC_DEF` FOREIGN KEY (`PROC_DEF_ID_`) REFERENCES `act_re_procdef` (`ID_`) ON DELETE RESTRICT ON UPDATE RESTRICT,
  CONSTRAINT `ACT_FK_INT_PROC_INST` FOREIGN KEY (`PROCESS_INSTANCE_ID_`) REFERENCES `act_ru_execution` (`ID_`) ON DELETE RESTRICT ON UPDATE RESTRICT
) ENGINE = InnoDB CHARACTER SET = utf8mb4 COLLATE = utf8mb4_bin ROW_FORMAT = Dynamic;

-- ----------------------------
-- Records of act_ru_integration
-- ----------------------------

-- ----------------------------
-- Table structure for act_ru_job
-- ----------------------------
DROP TABLE IF EXISTS `act_ru_job`;
CREATE TABLE `act_ru_job`  (
  `ID_` varchar(64) CHARACTER SET utf8mb4 COLLATE utf8mb4_bin NOT NULL,
  `REV_` int NULL DEFAULT NULL,
  `TYPE_` varchar(255) CHARACTER SET utf8mb4 COLLATE utf8mb4_bin NOT NULL,
  `LOCK_EXP_TIME_` timestamp(3) NULL DEFAULT NULL,
  `LOCK_OWNER_` varchar(255) CHARACTER SET utf8mb4 COLLATE utf8mb4_bin NULL DEFAULT NULL,
  `EXCLUSIVE_` tinyint(1) NULL DEFAULT NULL,
  `EXECUTION_ID_` varchar(64) CHARACTER SET utf8mb4 COLLATE utf8mb4_bin NULL DEFAULT NULL,
  `PROCESS_INSTANCE_ID_` varchar(64) CHARACTER SET utf8mb4 COLLATE utf8mb4_bin NULL DEFAULT NULL,
  `PROC_DEF_ID_` varchar(64) CHARACTER SET utf8mb4 COLLATE utf8mb4_bin NULL DEFAULT NULL,
  `RETRIES_` int NULL DEFAULT NULL,
  `EXCEPTION_STACK_ID_` varchar(64) CHARACTER SET utf8mb4 COLLATE utf8mb4_bin NULL DEFAULT NULL,
  `EXCEPTION_MSG_` varchar(4000) CHARACTER SET utf8mb4 COLLATE utf8mb4_bin NULL DEFAULT NULL,
  `DUEDATE_` timestamp(3) NULL DEFAULT NULL,
  `REPEAT_` varchar(255) CHARACTER SET utf8mb4 COLLATE utf8mb4_bin NULL DEFAULT NULL,
  `HANDLER_TYPE_` varchar(255) CHARACTER SET utf8mb4 COLLATE utf8mb4_bin NULL DEFAULT NULL,
  `HANDLER_CFG_` varchar(4000) CHARACTER SET utf8mb4 COLLATE utf8mb4_bin NULL DEFAULT NULL,
  `TENANT_ID_` varchar(255) CHARACTER SET utf8mb4 COLLATE utf8mb4_bin NULL DEFAULT '',
  PRIMARY KEY (`ID_`) USING BTREE,
  INDEX `ACT_FK_JOB_EXECUTION`(`EXECUTION_ID_` ASC) USING BTREE,
  INDEX `ACT_FK_JOB_PROCESS_INSTANCE`(`PROCESS_INSTANCE_ID_` ASC) USING BTREE,
  INDEX `ACT_FK_JOB_PROC_DEF`(`PROC_DEF_ID_` ASC) USING BTREE,
  INDEX `ACT_FK_JOB_EXCEPTION`(`EXCEPTION_STACK_ID_` ASC) USING BTREE,
  CONSTRAINT `ACT_FK_JOB_EXCEPTION` FOREIGN KEY (`EXCEPTION_STACK_ID_`) REFERENCES `act_ge_bytearray` (`ID_`) ON DELETE RESTRICT ON UPDATE RESTRICT,
  CONSTRAINT `ACT_FK_JOB_EXECUTION` FOREIGN KEY (`EXECUTION_ID_`) REFERENCES `act_ru_execution` (`ID_`) ON DELETE RESTRICT ON UPDATE RESTRICT,
  CONSTRAINT `ACT_FK_JOB_PROC_DEF` FOREIGN KEY (`PROC_DEF_ID_`) REFERENCES `act_re_procdef` (`ID_`) ON DELETE RESTRICT ON UPDATE RESTRICT,
  CONSTRAINT `ACT_FK_JOB_PROCESS_INSTANCE` FOREIGN KEY (`PROCESS_INSTANCE_ID_`) REFERENCES `act_ru_execution` (`ID_`) ON DELETE RESTRICT ON UPDATE RESTRICT
) ENGINE = InnoDB CHARACTER SET = utf8mb4 COLLATE = utf8mb4_bin ROW_FORMAT = Dynamic;

-- ----------------------------
-- Records of act_ru_job
-- ----------------------------

-- ----------------------------
-- Table structure for act_ru_suspended_job
-- ----------------------------
DROP TABLE IF EXISTS `act_ru_suspended_job`;
CREATE TABLE `act_ru_suspended_job`  (
  `ID_` varchar(64) CHARACTER SET utf8mb4 COLLATE utf8mb4_bin NOT NULL,
  `REV_` int NULL DEFAULT NULL,
  `TYPE_` varchar(255) CHARACTER SET utf8mb4 COLLATE utf8mb4_bin NOT NULL,
  `EXCLUSIVE_` tinyint(1) NULL DEFAULT NULL,
  `EXECUTION_ID_` varchar(64) CHARACTER SET utf8mb4 COLLATE utf8mb4_bin NULL DEFAULT NULL,
  `PROCESS_INSTANCE_ID_` varchar(64) CHARACTER SET utf8mb4 COLLATE utf8mb4_bin NULL DEFAULT NULL,
  `PROC_DEF_ID_` varchar(64) CHARACTER SET utf8mb4 COLLATE utf8mb4_bin NULL DEFAULT NULL,
  `RETRIES_` int NULL DEFAULT NULL,
  `EXCEPTION_STACK_ID_` varchar(64) CHARACTER SET utf8mb4 COLLATE utf8mb4_bin NULL DEFAULT NULL,
  `EXCEPTION_MSG_` varchar(4000) CHARACTER SET utf8mb4 COLLATE utf8mb4_bin NULL DEFAULT NULL,
  `DUEDATE_` timestamp(3) NULL DEFAULT NULL,
  `REPEAT_` varchar(255) CHARACTER SET utf8mb4 COLLATE utf8mb4_bin NULL DEFAULT NULL,
  `HANDLER_TYPE_` varchar(255) CHARACTER SET utf8mb4 COLLATE utf8mb4_bin NULL DEFAULT NULL,
  `HANDLER_CFG_` varchar(4000) CHARACTER SET utf8mb4 COLLATE utf8mb4_bin NULL DEFAULT NULL,
  `TENANT_ID_` varchar(255) CHARACTER SET utf8mb4 COLLATE utf8mb4_bin NULL DEFAULT '',
  PRIMARY KEY (`ID_`) USING BTREE,
  INDEX `ACT_FK_SUSPENDED_JOB_EXECUTION`(`EXECUTION_ID_` ASC) USING BTREE,
  INDEX `ACT_FK_SUSPENDED_JOB_PROCESS_INSTANCE`(`PROCESS_INSTANCE_ID_` ASC) USING BTREE,
  INDEX `ACT_FK_SUSPENDED_JOB_PROC_DEF`(`PROC_DEF_ID_` ASC) USING BTREE,
  INDEX `ACT_FK_SUSPENDED_JOB_EXCEPTION`(`EXCEPTION_STACK_ID_` ASC) USING BTREE,
  CONSTRAINT `ACT_FK_SUSPENDED_JOB_EXCEPTION` FOREIGN KEY (`EXCEPTION_STACK_ID_`) REFERENCES `act_ge_bytearray` (`ID_`) ON DELETE RESTRICT ON UPDATE RESTRICT,
  CONSTRAINT `ACT_FK_SUSPENDED_JOB_EXECUTION` FOREIGN KEY (`EXECUTION_ID_`) REFERENCES `act_ru_execution` (`ID_`) ON DELETE RESTRICT ON UPDATE RESTRICT,
  CONSTRAINT `ACT_FK_SUSPENDED_JOB_PROC_DEF` FOREIGN KEY (`PROC_DEF_ID_`) REFERENCES `act_re_procdef` (`ID_`) ON DELETE RESTRICT ON UPDATE RESTRICT,
  CONSTRAINT `ACT_FK_SUSPENDED_JOB_PROCESS_INSTANCE` FOREIGN KEY (`PROCESS_INSTANCE_ID_`) REFERENCES `act_ru_execution` (`ID_`) ON DELETE RESTRICT ON UPDATE RESTRICT
) ENGINE = InnoDB CHARACTER SET = utf8mb4 COLLATE = utf8mb4_bin ROW_FORMAT = Dynamic;

-- ----------------------------
-- Records of act_ru_suspended_job
-- ----------------------------

-- ----------------------------
-- Table structure for act_ru_task
-- ----------------------------
DROP TABLE IF EXISTS `act_ru_task`;
CREATE TABLE `act_ru_task`  (
  `ID_` varchar(64) CHARACTER SET utf8mb4 COLLATE utf8mb4_bin NOT NULL,
  `REV_` int NULL DEFAULT NULL,
  `EXECUTION_ID_` varchar(64) CHARACTER SET utf8mb4 COLLATE utf8mb4_bin NULL DEFAULT NULL,
  `PROC_INST_ID_` varchar(64) CHARACTER SET utf8mb4 COLLATE utf8mb4_bin NULL DEFAULT NULL,
  `PROC_DEF_ID_` varchar(64) CHARACTER SET utf8mb4 COLLATE utf8mb4_bin NULL DEFAULT NULL,
  `NAME_` varchar(255) CHARACTER SET utf8mb4 COLLATE utf8mb4_bin NULL DEFAULT NULL,
  `BUSINESS_KEY_` varchar(255) CHARACTER SET utf8mb4 COLLATE utf8mb4_bin NULL DEFAULT NULL,
  `PARENT_TASK_ID_` varchar(64) CHARACTER SET utf8mb4 COLLATE utf8mb4_bin NULL DEFAULT NULL,
  `DESCRIPTION_` varchar(4000) CHARACTER SET utf8mb4 COLLATE utf8mb4_bin NULL DEFAULT NULL,
  `TASK_DEF_KEY_` varchar(255) CHARACTER SET utf8mb4 COLLATE utf8mb4_bin NULL DEFAULT NULL,
  `OWNER_` varchar(255) CHARACTER SET utf8mb4 COLLATE utf8mb4_bin NULL DEFAULT NULL,
  `ASSIGNEE_` varchar(255) CHARACTER SET utf8mb4 COLLATE utf8mb4_bin NULL DEFAULT NULL,
  `DELEGATION_` varchar(64) CHARACTER SET utf8mb4 COLLATE utf8mb4_bin NULL DEFAULT NULL,
  `PRIORITY_` int NULL DEFAULT NULL,
  `CREATE_TIME_` timestamp(3) NULL DEFAULT NULL,
  `DUE_DATE_` datetime(3) NULL DEFAULT NULL,
  `CATEGORY_` varchar(255) CHARACTER SET utf8mb4 COLLATE utf8mb4_bin NULL DEFAULT NULL,
  `SUSPENSION_STATE_` int NULL DEFAULT NULL,
  `TENANT_ID_` varchar(255) CHARACTER SET utf8mb4 COLLATE utf8mb4_bin NULL DEFAULT '',
  `FORM_KEY_` varchar(255) CHARACTER SET utf8mb4 COLLATE utf8mb4_bin NULL DEFAULT NULL,
  `CLAIM_TIME_` datetime(3) NULL DEFAULT NULL,
  `APP_VERSION_` int NULL DEFAULT NULL,
  PRIMARY KEY (`ID_`) USING BTREE,
  INDEX `ACT_IDX_TASK_CREATE`(`CREATE_TIME_` ASC) USING BTREE,
  INDEX `ACT_FK_TASK_EXE`(`EXECUTION_ID_` ASC) USING BTREE,
  INDEX `ACT_FK_TASK_PROCINST`(`PROC_INST_ID_` ASC) USING BTREE,
  INDEX `ACT_FK_TASK_PROCDEF`(`PROC_DEF_ID_` ASC) USING BTREE,
  CONSTRAINT `ACT_FK_TASK_EXE` FOREIGN KEY (`EXECUTION_ID_`) REFERENCES `act_ru_execution` (`ID_`) ON DELETE RESTRICT ON UPDATE RESTRICT,
  CONSTRAINT `ACT_FK_TASK_PROCDEF` FOREIGN KEY (`PROC_DEF_ID_`) REFERENCES `act_re_procdef` (`ID_`) ON DELETE RESTRICT ON UPDATE RESTRICT,
  CONSTRAINT `ACT_FK_TASK_PROCINST` FOREIGN KEY (`PROC_INST_ID_`) REFERENCES `act_ru_execution` (`ID_`) ON DELETE RESTRICT ON UPDATE RESTRICT
) ENGINE = InnoDB CHARACTER SET = utf8mb4 COLLATE = utf8mb4_bin ROW_FORMAT = Dynamic;

-- ----------------------------
-- Records of act_ru_task
-- ----------------------------
INSERT INTO `act_ru_task` VALUES ('60112a30-93b3-11ed-84b9-005056c00008', 1, '600cbd5f-93b3-11ed-84b9-005056c00008', '600c211e-93b3-11ed-84b9-005056c00008', 'leave:1:6bccf7a3-93b2-11ed-ac7d-005056c00008', '经理审批', '1613423848385036289', NULL, NULL, 'sid-87bc6098-b9cd-431f-8489-bc2ddb149ea2', NULL, 'jingli', NULL, 0, '2023-01-14 10:30:13.837', NULL, NULL, 1, '', NULL, NULL, NULL);
INSERT INTO `act_ru_task` VALUES ('6d22608a-9538-11ed-8dba-005056c00008', 1, '6d223977-9538-11ed-8dba-005056c00008', '6d223976-9538-11ed-8dba-005056c00008', 'leave:1:6bccf7a3-93b2-11ed-ac7d-005056c00008', '经理审批', '1614651678951395329', NULL, NULL, 'sid-87bc6098-b9cd-431f-8489-bc2ddb149ea2', NULL, 'jingli', NULL, 0, '2023-01-16 08:55:10.003', NULL, NULL, 1, '', NULL, NULL, NULL);
INSERT INTO `act_ru_task` VALUES ('8972e51b-953f-11ed-9c5a-005056c00008', 1, '79586d82-953f-11ed-9c5a-005056c00008', '79586d81-953f-11ed-9c5a-005056c00008', 'leave:1:6bccf7a3-93b2-11ed-ac7d-005056c00008', '老板审批', '1614651678951395329', NULL, NULL, 'sid-36a6a153-ee31-4782-bfe6-0b9f02d739aa', NULL, NULL, NULL, 0, '2023-01-16 09:46:03.984', NULL, NULL, 1, '', NULL, NULL, NULL);
INSERT INTO `act_ru_task` VALUES ('c1e3e676-953f-11ed-9c5a-005056c00008', 1, 'b2bad3bd-953f-11ed-9c5a-005056c00008', 'b2bad3bc-953f-11ed-9c5a-005056c00008', 'leave:1:6bccf7a3-93b2-11ed-ac7d-005056c00008', '老板审批', '1614651678951395329', NULL, NULL, 'sid-36a6a153-ee31-4782-bfe6-0b9f02d739aa', NULL, NULL, NULL, 0, '2023-01-16 09:47:38.676', NULL, NULL, 1, '', NULL, NULL, NULL);

-- ----------------------------
-- Table structure for act_ru_timer_job
-- ----------------------------
DROP TABLE IF EXISTS `act_ru_timer_job`;
CREATE TABLE `act_ru_timer_job`  (
  `ID_` varchar(64) CHARACTER SET utf8mb4 COLLATE utf8mb4_bin NOT NULL,
  `REV_` int NULL DEFAULT NULL,
  `TYPE_` varchar(255) CHARACTER SET utf8mb4 COLLATE utf8mb4_bin NOT NULL,
  `LOCK_EXP_TIME_` timestamp(3) NULL DEFAULT NULL,
  `LOCK_OWNER_` varchar(255) CHARACTER SET utf8mb4 COLLATE utf8mb4_bin NULL DEFAULT NULL,
  `EXCLUSIVE_` tinyint(1) NULL DEFAULT NULL,
  `EXECUTION_ID_` varchar(64) CHARACTER SET utf8mb4 COLLATE utf8mb4_bin NULL DEFAULT NULL,
  `PROCESS_INSTANCE_ID_` varchar(64) CHARACTER SET utf8mb4 COLLATE utf8mb4_bin NULL DEFAULT NULL,
  `PROC_DEF_ID_` varchar(64) CHARACTER SET utf8mb4 COLLATE utf8mb4_bin NULL DEFAULT NULL,
  `RETRIES_` int NULL DEFAULT NULL,
  `EXCEPTION_STACK_ID_` varchar(64) CHARACTER SET utf8mb4 COLLATE utf8mb4_bin NULL DEFAULT NULL,
  `EXCEPTION_MSG_` varchar(4000) CHARACTER SET utf8mb4 COLLATE utf8mb4_bin NULL DEFAULT NULL,
  `DUEDATE_` timestamp(3) NULL DEFAULT NULL,
  `REPEAT_` varchar(255) CHARACTER SET utf8mb4 COLLATE utf8mb4_bin NULL DEFAULT NULL,
  `HANDLER_TYPE_` varchar(255) CHARACTER SET utf8mb4 COLLATE utf8mb4_bin NULL DEFAULT NULL,
  `HANDLER_CFG_` varchar(4000) CHARACTER SET utf8mb4 COLLATE utf8mb4_bin NULL DEFAULT NULL,
  `TENANT_ID_` varchar(255) CHARACTER SET utf8mb4 COLLATE utf8mb4_bin NULL DEFAULT '',
  PRIMARY KEY (`ID_`) USING BTREE,
  INDEX `ACT_FK_TIMER_JOB_EXECUTION`(`EXECUTION_ID_` ASC) USING BTREE,
  INDEX `ACT_FK_TIMER_JOB_PROCESS_INSTANCE`(`PROCESS_INSTANCE_ID_` ASC) USING BTREE,
  INDEX `ACT_FK_TIMER_JOB_PROC_DEF`(`PROC_DEF_ID_` ASC) USING BTREE,
  INDEX `ACT_FK_TIMER_JOB_EXCEPTION`(`EXCEPTION_STACK_ID_` ASC) USING BTREE,
  CONSTRAINT `ACT_FK_TIMER_JOB_EXCEPTION` FOREIGN KEY (`EXCEPTION_STACK_ID_`) REFERENCES `act_ge_bytearray` (`ID_`) ON DELETE RESTRICT ON UPDATE RESTRICT,
  CONSTRAINT `ACT_FK_TIMER_JOB_EXECUTION` FOREIGN KEY (`EXECUTION_ID_`) REFERENCES `act_ru_execution` (`ID_`) ON DELETE RESTRICT ON UPDATE RESTRICT,
  CONSTRAINT `ACT_FK_TIMER_JOB_PROC_DEF` FOREIGN KEY (`PROC_DEF_ID_`) REFERENCES `act_re_procdef` (`ID_`) ON DELETE RESTRICT ON UPDATE RESTRICT,
  CONSTRAINT `ACT_FK_TIMER_JOB_PROCESS_INSTANCE` FOREIGN KEY (`PROCESS_INSTANCE_ID_`) REFERENCES `act_ru_execution` (`ID_`) ON DELETE RESTRICT ON UPDATE RESTRICT
) ENGINE = InnoDB CHARACTER SET = utf8mb4 COLLATE = utf8mb4_bin ROW_FORMAT = Dynamic;

-- ----------------------------
-- Records of act_ru_timer_job
-- ----------------------------

-- ----------------------------
-- Table structure for act_ru_variable
-- ----------------------------
DROP TABLE IF EXISTS `act_ru_variable`;
CREATE TABLE `act_ru_variable`  (
  `ID_` varchar(64) CHARACTER SET utf8mb4 COLLATE utf8mb4_bin NOT NULL,
  `REV_` int NULL DEFAULT NULL,
  `TYPE_` varchar(255) CHARACTER SET utf8mb4 COLLATE utf8mb4_bin NOT NULL,
  `NAME_` varchar(255) CHARACTER SET utf8mb4 COLLATE utf8mb4_bin NOT NULL,
  `EXECUTION_ID_` varchar(64) CHARACTER SET utf8mb4 COLLATE utf8mb4_bin NULL DEFAULT NULL,
  `PROC_INST_ID_` varchar(64) CHARACTER SET utf8mb4 COLLATE utf8mb4_bin NULL DEFAULT NULL,
  `TASK_ID_` varchar(64) CHARACTER SET utf8mb4 COLLATE utf8mb4_bin NULL DEFAULT NULL,
  `BYTEARRAY_ID_` varchar(64) CHARACTER SET utf8mb4 COLLATE utf8mb4_bin NULL DEFAULT NULL,
  `DOUBLE_` double NULL DEFAULT NULL,
  `LONG_` bigint NULL DEFAULT NULL,
  `TEXT_` varchar(4000) CHARACTER SET utf8mb4 COLLATE utf8mb4_bin NULL DEFAULT NULL,
  `TEXT2_` varchar(4000) CHARACTER SET utf8mb4 COLLATE utf8mb4_bin NULL DEFAULT NULL,
  PRIMARY KEY (`ID_`) USING BTREE,
  INDEX `ACT_IDX_VARIABLE_TASK_ID`(`TASK_ID_` ASC) USING BTREE,
  INDEX `ACT_FK_VAR_EXE`(`EXECUTION_ID_` ASC) USING BTREE,
  INDEX `ACT_FK_VAR_PROCINST`(`PROC_INST_ID_` ASC) USING BTREE,
  INDEX `ACT_FK_VAR_BYTEARRAY`(`BYTEARRAY_ID_` ASC) USING BTREE,
  CONSTRAINT `ACT_FK_VAR_BYTEARRAY` FOREIGN KEY (`BYTEARRAY_ID_`) REFERENCES `act_ge_bytearray` (`ID_`) ON DELETE RESTRICT ON UPDATE RESTRICT,
  CONSTRAINT `ACT_FK_VAR_EXE` FOREIGN KEY (`EXECUTION_ID_`) REFERENCES `act_ru_execution` (`ID_`) ON DELETE RESTRICT ON UPDATE RESTRICT,
  CONSTRAINT `ACT_FK_VAR_PROCINST` FOREIGN KEY (`PROC_INST_ID_`) REFERENCES `act_ru_execution` (`ID_`) ON DELETE RESTRICT ON UPDATE RESTRICT
) ENGINE = InnoDB CHARACTER SET = utf8mb4 COLLATE = utf8mb4_bin ROW_FORMAT = Dynamic;

-- ----------------------------
-- Records of act_ru_variable
-- ----------------------------
INSERT INTO `act_ru_variable` VALUES ('89726fe7-953f-11ed-9c5a-005056c00008', 1, 'string', 'flag', '79586d81-953f-11ed-9c5a-005056c00008', '79586d81-953f-11ed-9c5a-005056c00008', NULL, NULL, NULL, NULL, '0', NULL);
INSERT INTO `act_ru_variable` VALUES ('c1e08b12-953f-11ed-9c5a-005056c00008', 1, 'string', 'flag', 'b2bad3bc-953f-11ed-9c5a-005056c00008', 'b2bad3bc-953f-11ed-9c5a-005056c00008', NULL, NULL, NULL, NULL, '0', NULL);

-- ----------------------------
-- Table structure for biz_leave
-- ----------------------------
DROP TABLE IF EXISTS `biz_leave`;
CREATE TABLE `biz_leave`  (
  `id` varchar(32) CHARACTER SET utf8mb4 COLLATE utf8mb4_general_ci NOT NULL COMMENT '主键ID',
  `title` varchar(100) CHARACTER SET utf8mb4 COLLATE utf8mb4_general_ci NULL DEFAULT NULL COMMENT '标题',
  `reason` varchar(500) CHARACTER SET utf8mb4 COLLATE utf8mb4_general_ci NULL DEFAULT NULL COMMENT '原因',
  `start_time` date NULL DEFAULT NULL COMMENT '开始时间',
  `end_time` date NULL DEFAULT NULL COMMENT '结束时间',
  `total_time` bigint NULL DEFAULT NULL COMMENT '请假时长，单位秒',
  `instance_id` varchar(36) CHARACTER SET utf8mb4 COLLATE utf8mb4_general_ci NULL DEFAULT NULL COMMENT '流程实例ID',
  `create_by` varchar(64) CHARACTER SET utf8mb4 COLLATE utf8mb4_general_ci NULL DEFAULT '' COMMENT '创建者',
  `create_time` datetime NULL DEFAULT NULL COMMENT '创建时间',
  `update_by` varchar(64) CHARACTER SET utf8mb4 COLLATE utf8mb4_general_ci NULL DEFAULT '' COMMENT '更新者',
  `update_time` datetime NULL DEFAULT NULL COMMENT '更新时间',
  `apply_user` varchar(64) CHARACTER SET utf8mb4 COLLATE utf8mb4_general_ci NULL DEFAULT NULL COMMENT '申请人',
  `apply_time` datetime NULL DEFAULT NULL COMMENT '申请时间',
  `reality_start_time` date NULL DEFAULT NULL COMMENT '实际开始时间',
  `reality_end_time` date NULL DEFAULT NULL COMMENT '实际结束时间',
  PRIMARY KEY (`id`) USING BTREE
) ENGINE = InnoDB CHARACTER SET = utf8mb4 COLLATE = utf8mb4_general_ci COMMENT = '请假表' ROW_FORMAT = Dynamic;

-- ----------------------------
-- Records of biz_leave
-- ----------------------------
INSERT INTO `biz_leave` VALUES ('1614651678951395329', '我要请假', '身体不舒服', NULL, NULL, NULL, 'f6f75313-9541-11ed-9c5a-005056c00008', '', NULL, '', NULL, NULL, NULL, NULL, NULL);

-- ----------------------------
-- Table structure for biz_todo_item
-- ----------------------------
DROP TABLE IF EXISTS `biz_todo_item`;
CREATE TABLE `biz_todo_item`  (
  `id` varchar(32) CHARACTER SET utf8mb4 COLLATE utf8mb4_general_ci NOT NULL COMMENT '主键 ID',
  `apply_user_id` varchar(32) CHARACTER SET utf8mb4 COLLATE utf8mb4_general_ci NULL DEFAULT NULL COMMENT '申请人',
  `apply_user_name` varchar(32) CHARACTER SET utf8mb4 COLLATE utf8mb4_general_ci NULL DEFAULT NULL COMMENT '申请人名字',
  `item_name` varchar(100) CHARACTER SET utf8mb4 COLLATE utf8mb4_general_ci NULL DEFAULT NULL COMMENT '事项标题',
  `item_content` varchar(500) CHARACTER SET utf8mb4 COLLATE utf8mb4_general_ci NULL DEFAULT NULL COMMENT '事项内容',
  `model_name` varchar(50) CHARACTER SET utf8mb4 COLLATE utf8mb4_general_ci NULL DEFAULT NULL COMMENT '模块名称',
  `module` varchar(32) CHARACTER SET utf8mb4 COLLATE utf8mb4_general_ci NULL DEFAULT NULL COMMENT '模块名称',
  `task_id` varchar(64) CHARACTER SET utf8mb4 COLLATE utf8mb4_general_ci NULL DEFAULT NULL COMMENT '任务 ID',
  `instance_id` varchar(36) CHARACTER SET utf8mb4 COLLATE utf8mb4_general_ci NULL DEFAULT NULL COMMENT '流程实例 ID',
  `task_name` varchar(50) CHARACTER SET utf8mb4 COLLATE utf8mb4_general_ci NULL DEFAULT NULL COMMENT '任务名称 (必须以表单页面名称一致)',
  `node_name` varchar(50) CHARACTER SET utf8mb4 COLLATE utf8mb4_general_ci NULL DEFAULT NULL COMMENT '节点名称',
  `is_view` char(1) CHARACTER SET utf8mb4 COLLATE utf8mb4_general_ci NULL DEFAULT '0' COMMENT '是否查看 default 0 (0 否 1 是)',
  `is_handle` char(1) CHARACTER SET utf8mb4 COLLATE utf8mb4_general_ci NULL DEFAULT '0' COMMENT '是否处理 default 0 (0 否 1 是)',
  `todo_user_id` varchar(20) CHARACTER SET utf8mb4 COLLATE utf8mb4_general_ci NULL DEFAULT NULL COMMENT '待办人 ID',
  `todo_user_name` varchar(30) CHARACTER SET utf8mb4 COLLATE utf8mb4_general_ci NULL DEFAULT NULL COMMENT '待办人名称',
  `handle_remark` varchar(512) CHARACTER SET utf8mb4 COLLATE utf8mb4_general_ci NULL DEFAULT NULL COMMENT '审批意见',
  `handle_user_id` varchar(20) CHARACTER SET utf8mb4 COLLATE utf8mb4_general_ci NULL DEFAULT NULL COMMENT '处理人 ID',
  `handle_user_name` varchar(30) CHARACTER SET utf8mb4 COLLATE utf8mb4_general_ci NULL DEFAULT NULL COMMENT '处理人名称',
  `todo_time` datetime NULL DEFAULT NULL COMMENT '通知时间',
  `handle_time` datetime NULL DEFAULT NULL COMMENT '处理时间',
  `instance_obj` varchar(512) CHARACTER SET utf8mb4 COLLATE utf8mb4_general_ci NULL DEFAULT NULL COMMENT '流程中数据对象',
  `create_time` datetime NULL DEFAULT NULL COMMENT '创建时间',
  PRIMARY KEY (`id`) USING BTREE,
  INDEX `IDX_BTI_INSTANCEID`(`instance_id` ASC) USING BTREE
) ENGINE = InnoDB CHARACTER SET = utf8mb4 COLLATE = utf8mb4_general_ci COMMENT = '待办事项表' ROW_FORMAT = Dynamic;

-- ----------------------------
-- Records of biz_todo_item
-- ----------------------------
INSERT INTO `biz_todo_item` VALUES ('1614087484891889665', NULL, NULL, '测试标题', '身体原因', NULL, NULL, '60112a30-93b3-11ed-84b9-005056c00008', '600c211e-93b3-11ed-84b9-005056c00008', 'taskSid-87bc6098-b9cd-431f-8489-bc2ddb149ea2', '经理审批', '0', '0', NULL, 'jingli', NULL, NULL, NULL, NULL, NULL, NULL, NULL);
INSERT INTO `biz_todo_item` VALUES ('1614090393322979329', NULL, NULL, '测试标题', '身体原因', NULL, NULL, 'fcf73944-93b4-11ed-9a18-005056c00008', 'fcf2a560-93b4-11ed-9a18-005056c00008', 'taskSid-87bc6098-b9cd-431f-8489-bc2ddb149ea2', '经理审批', '1', '0', 'jingli', 'jingli', NULL, '1614100213245591553', 'jingli', NULL, NULL, NULL, NULL);
INSERT INTO `biz_todo_item` VALUES ('1614094257057058817', NULL, NULL, '测试标题', '身体原因', NULL, NULL, '238b8e8c-93b7-11ed-ae9f-005056c00008', '2384d7c8-93b7-11ed-ae9f-005056c00008', 'taskSid-87bc6098-b9cd-431f-8489-bc2ddb149ea2', '经理审批', '1', '0', 'jingli', 'jingli', NULL, '1614100213245591553', 'jingli', NULL, NULL, NULL, NULL);
INSERT INTO `biz_todo_item` VALUES ('1614095599787986945', NULL, NULL, '测试标题', '身体原因', NULL, NULL, 'e489fd72-93b7-11ed-ae9f-005056c00008', 'e489d65e-93b7-11ed-ae9f-005056c00008', 'taskSid-87bc6098-b9cd-431f-8489-bc2ddb149ea2', '经理审批', '1', '0', 'jingli', 'jingli', NULL, '1614100213245591553', 'jingli', NULL, NULL, NULL, NULL);
INSERT INTO `biz_todo_item` VALUES ('1614181652230225921', NULL, NULL, '测试标题', '身体原因', NULL, NULL, '9c8455a0-93e7-11ed-a079-005056c00008', 'fcf2a560-93b4-11ed-9a18-005056c00008', 'taskSid-218abc60-7775-407a-aa35-b2dd34e3ecd1', '人事统计', '1', '0', 'renshi', 'renshi', NULL, '1614136542188716034', 'renshi', NULL, NULL, NULL, NULL);
INSERT INTO `biz_todo_item` VALUES ('1614182126576648194', NULL, NULL, '测试标题', '身体原因', NULL, NULL, 'e916fee6-93e7-11ed-a079-005056c00008', 'e489d65e-93b7-11ed-ae9f-005056c00008', 'taskSid-218abc60-7775-407a-aa35-b2dd34e3ecd1', '人事统计', '1', '0', 'renshi', 'renshi', NULL, '1614136542188716034', 'renshi', NULL, NULL, NULL, NULL);
INSERT INTO `biz_todo_item` VALUES ('1614182195434536961', NULL, NULL, '测试标题', '身体原因', NULL, NULL, 'f4bc902c-93e7-11ed-a079-005056c00008', '2384d7c8-93b7-11ed-ae9f-005056c00008', 'taskSid-218abc60-7775-407a-aa35-b2dd34e3ecd1', '人事统计', '1', '0', 'renshi', 'renshi', NULL, '1614136542188716034', 'renshi', NULL, NULL, NULL, NULL);
INSERT INTO `biz_todo_item` VALUES ('1614651716029042690', NULL, NULL, '我要请假', '身体不舒服', NULL, NULL, '9960215d-94ec-11ed-b4cd-005056c00008', '995a06d9-94ec-11ed-b4cd-005056c00008', 'taskSid-87bc6098-b9cd-431f-8489-bc2ddb149ea2', '经理审批', '1', '0', 'jingli', 'jingli', NULL, '1614100213245591553', 'jingli', NULL, NULL, NULL, NULL);
INSERT INTO `biz_todo_item` VALUES ('1614651871373479938', NULL, NULL, '我要请假', '身体不舒服', NULL, NULL, 'af7c87e3-94ec-11ed-b4cd-005056c00008', '995a06d9-94ec-11ed-b4cd-005056c00008', 'taskSid-218abc60-7775-407a-aa35-b2dd34e3ecd1', '人事统计', '1', '0', 'renshi', 'renshi', NULL, '1614136542188716034', 'renshi', NULL, NULL, NULL, NULL);
INSERT INTO `biz_todo_item` VALUES ('1614662173146124290', NULL, NULL, '我要请假', '身体不舒服', NULL, NULL, '6769d96c-94f2-11ed-8dba-005056c00008', '67651e78-94f2-11ed-8dba-005056c00008', 'taskSid-87bc6098-b9cd-431f-8489-bc2ddb149ea2', '经理审批', '0', '1', 'jingli', 'jingli', '挺好请假吧', '1614100213245591553', 'jingli', NULL, NULL, NULL, NULL);
INSERT INTO `biz_todo_item` VALUES ('1614662282185445378', NULL, NULL, '我要请假', '身体不舒服', NULL, NULL, '76f138c2-94f2-11ed-8dba-005056c00008', '67651e78-94f2-11ed-8dba-005056c00008', 'taskSid-218abc60-7775-407a-aa35-b2dd34e3ecd1', '人事统计', '0', '1', 'renshi', 'renshi', '好的', '1614136542188716034', 'renshi', NULL, NULL, NULL, NULL);
INSERT INTO `biz_todo_item` VALUES ('1614788313890328577', NULL, NULL, '我要请假', '身体不舒服', NULL, NULL, '6d22608a-9538-11ed-8dba-005056c00008', '6d223976-9538-11ed-8dba-005056c00008', 'taskSid-87bc6098-b9cd-431f-8489-bc2ddb149ea2', '经理审批', '0', '0', 'jingli', 'jingli', NULL, NULL, NULL, NULL, NULL, NULL, NULL);
INSERT INTO `biz_todo_item` VALUES ('1614793618581798914', '1', '超级码农', '我要请假', '身体不舒服', NULL, NULL, '5ee30a96-953b-11ed-b303-005056c00008', '5ee02462-953b-11ed-b303-005056c00008', 'taskSid-87bc6098-b9cd-431f-8489-bc2ddb149ea2', '经理审批', '0', '1', 'jingli', 'jingli', '很好啊', '1614100213245591553', 'jingli', NULL, NULL, NULL, NULL);
INSERT INTO `biz_todo_item` VALUES ('1614795915198119937', NULL, NULL, '我要请假', '身体不舒服', NULL, NULL, 'a556d19c-953c-11ed-b303-005056c00008', '5ee02462-953b-11ed-b303-005056c00008', 'taskSid-218abc60-7775-407a-aa35-b2dd34e3ecd1', '人事统计', '0', '1', 'renshi', 'renshi', '好', '1614136542188716034', 'renshi', NULL, NULL, NULL, NULL);
INSERT INTO `biz_todo_item` VALUES ('1614800655420112897', '1', '超级码农', '我要请假', '身体不舒服', NULL, NULL, '46ea4577-953f-11ed-9c5a-005056c00008', '46e849a3-953f-11ed-9c5a-005056c00008', 'taskSid-87bc6098-b9cd-431f-8489-bc2ddb149ea2', '经理审批', '0', '1', 'jingli', 'jingli', '好的', '1614100213245591553', 'jingli', NULL, NULL, NULL, NULL);
INSERT INTO `biz_todo_item` VALUES ('1614800765902274561', '1', '超级码农', '我要请假', '身体不舒服', NULL, NULL, '56aa8f1d-953f-11ed-9c5a-005056c00008', '46e849a3-953f-11ed-9c5a-005056c00008', 'taskSid-218abc60-7775-407a-aa35-b2dd34e3ecd1', '人事统计', '0', '1', 'renshi', 'renshi', '好啊', '1614136542188716034', 'renshi', NULL, NULL, NULL, NULL);
INSERT INTO `biz_todo_item` VALUES ('1614801009939464194', '1', '超级码农', '我要请假', '身体不舒服', NULL, NULL, '79586d85-953f-11ed-9c5a-005056c00008', '79586d81-953f-11ed-9c5a-005056c00008', 'taskSid-87bc6098-b9cd-431f-8489-bc2ddb149ea2', '经理审批', '0', '1', 'jingli', 'jingli', '请老板批示', '1614100213245591553', 'jingli', NULL, NULL, NULL, NULL);
INSERT INTO `biz_todo_item` VALUES ('1614801123215032321', '1', '超级码农', '我要请假', '身体不舒服', NULL, NULL, '8972e51b-953f-11ed-9c5a-005056c00008', '79586d81-953f-11ed-9c5a-005056c00008', 'taskSid-36a6a153-ee31-4782-bfe6-0b9f02d739aa', '老板审批', '0', '0', NULL, NULL, NULL, NULL, NULL, NULL, NULL, NULL, NULL);
INSERT INTO `biz_todo_item` VALUES ('1614801413712527362', '1', '超级码农', '我要请假', '身体不舒服', NULL, NULL, 'b2bad3c0-953f-11ed-9c5a-005056c00008', 'b2bad3bc-953f-11ed-9c5a-005056c00008', 'taskSid-87bc6098-b9cd-431f-8489-bc2ddb149ea2', '经理审批', '0', '1', 'jingli', 'jingli', '请老板审批', '1614100213245591553', 'jingli', NULL, NULL, NULL, NULL);
INSERT INTO `biz_todo_item` VALUES ('1614801670718504961', '1', '超级码农', '我要请假', '身体不舒服', NULL, NULL, 'c1e3e676-953f-11ed-9c5a-005056c00008', 'b2bad3bc-953f-11ed-9c5a-005056c00008', 'taskSid-36a6a153-ee31-4782-bfe6-0b9f02d739aa', '老板审批', '0', '0', NULL, NULL, NULL, NULL, NULL, NULL, NULL, NULL, NULL);
INSERT INTO `biz_todo_item` VALUES ('1614802386417762306', '1', '超级码农', '我要请假', '身体不舒服', NULL, NULL, '3cf5f15b-9540-11ed-9c5a-005056c00008', '3cf5ca47-9540-11ed-9c5a-005056c00008', 'taskSid-87bc6098-b9cd-431f-8489-bc2ddb149ea2', '经理审批', '0', '1', 'jingli', 'jingli', '请老板审批', '1614100213245591553', 'jingli', NULL, NULL, NULL, NULL);
INSERT INTO `biz_todo_item` VALUES ('1614802640382869506', '1', '超级码农', '我要请假', '身体不舒服', NULL, NULL, '4afb92b1-9540-11ed-9c5a-005056c00008', '3cf5ca47-9540-11ed-9c5a-005056c00008', 'taskSid-36a6a153-ee31-4782-bfe6-0b9f02d739aa', '老板审批', '0', '0', NULL, NULL, NULL, NULL, NULL, NULL, NULL, NULL, NULL);
INSERT INTO `biz_todo_item` VALUES ('1614803552954368002', '1', '超级码农', '我要请假', '身体不舒服', NULL, NULL, 'd453ca56-9540-11ed-9c5a-005056c00008', 'd453a342-9540-11ed-9c5a-005056c00008', 'taskSid-87bc6098-b9cd-431f-8489-bc2ddb149ea2', '经理审批', '0', '1', 'jingli', 'jingli', '请老板审批', '1614100213245591553', 'jingli', NULL, NULL, NULL, NULL);
INSERT INTO `biz_todo_item` VALUES ('1614804055293575170', '1', '超级码农', '我要请假', '身体不舒服', NULL, NULL, 'f7ff69ac-9540-11ed-9c5a-005056c00008', 'd453a342-9540-11ed-9c5a-005056c00008', 'taskSid-36a6a153-ee31-4782-bfe6-0b9f02d739aa', '老板审批', '0', '0', NULL, NULL, NULL, NULL, NULL, NULL, NULL, NULL, NULL);
INSERT INTO `biz_todo_item` VALUES ('1614805496854888450', '1', '超级码农', '我要请假', '身体不舒服', NULL, NULL, 'f6f75317-9541-11ed-9c5a-005056c00008', 'f6f75313-9541-11ed-9c5a-005056c00008', 'taskSid-87bc6098-b9cd-431f-8489-bc2ddb149ea2', '经理审批', '0', '1', 'jingli', 'jingli', '123', '1614100213245591553', 'jingli', NULL, NULL, NULL, NULL);
INSERT INTO `biz_todo_item` VALUES ('1614805578643816450', '1', '超级码农', '我要请假', '身体不舒服', NULL, NULL, '029ae88d-9542-11ed-9c5a-005056c00008', 'f6f75313-9541-11ed-9c5a-005056c00008', 'taskSid-36a6a153-ee31-4782-bfe6-0b9f02d739aa', '老板审批', '0', '1', 'laoban', 'laoban', '好', '1614653179220389890', 'laoban', NULL, NULL, NULL, NULL);

SET FOREIGN_KEY_CHECKS = 1;
